rem,seccion,seccion_nombre,codigo_prestacion,detalle_prestacion,codigo_columna,columna_excel,columna_indice_excel,columna_detalle,columna_categoria,columna_subcategoria,columna_sub_subcategoria,columna_nivel_4,columna_nivel_5,columna_niveles,fila_excel
P1,A,POBLACIÓN EN CONTROL SEGÚN MÉTODO DE REGULACIÓN DE FERTILIDAD,P1010100,D . I . U T con Cobre,COL01,D,4,TOTAL,TOTAL,,,,,['TOTAL'],11
P1,A,POBLACIÓN EN CONTROL SEGÚN MÉTODO DE REGULACIÓN DE FERTILIDAD,P1010100,D . I . U T con Cobre,COL02,E,5,RANGO ETARIO - Menor de 15 años,RANGO ETARIO,Menor de 15 años,,,,"['RANGO ETARIO', 'Menor de 15 años']",11
P1,A,POBLACIÓN EN CONTROL SEGÚN MÉTODO DE REGULACIÓN DE FERTILIDAD,P1010100,D . I . U T con Cobre,COL03,F,6,RANGO ETARIO - 15 a 19 años,RANGO ETARIO,15 a 19 años,,,,"['RANGO ETARIO', '15 a 19 años']",11
P1,A,POBLACIÓN EN CONTROL SEGÚN MÉTODO DE REGULACIÓN DE FERTILIDAD,P1010100,D . I . U T con Cobre,COL04,G,7,RANGO ETARIO - 20 a 24 años,RANGO ETARIO,20 a 24 años,,,,"['RANGO ETARIO', '20 a 24 años']",11
P1,A,POBLACIÓN EN CONTROL SEGÚN MÉTODO DE REGULACIÓN DE FERTILIDAD,P1010100,D . I . U T con Cobre,COL05,H,8,RANGO ETARIO - 25 a 29 años,RANGO ETARIO,25 a 29 años,,,,"['RANGO ETARIO', '25 a 29 años']",11
P1,A,POBLACIÓN EN CONTROL SEGÚN MÉTODO DE REGULACIÓN DE FERTILIDAD,P1010100,D . I . U T con Cobre,COL06,I,9,RANGO ETARIO - 30 a 34 años,RANGO ETARIO,30 a 34 años,,,,"['RANGO ETARIO', '30 a 34 años']",11
P1,A,POBLACIÓN EN CONTROL SEGÚN MÉTODO DE REGULACIÓN DE FERTILIDAD,P1010100,D . I . U T con Cobre,COL07,J,10,RANGO ETARIO - 35 a 39 años,RANGO ETARIO,35 a 39 años,,,,"['RANGO ETARIO', '35 a 39 años']",11
P1,A,POBLACIÓN EN CONTROL SEGÚN MÉTODO DE REGULACIÓN DE FERTILIDAD,P1010100,D . I . U T con Cobre,COL08,K,11,RANGO ETARIO - 40 a 44 años,RANGO ETARIO,40 a 44 años,,,,"['RANGO ETARIO', '40 a 44 años']",11
P1,A,POBLACIÓN EN CONTROL SEGÚN MÉTODO DE REGULACIÓN DE FERTILIDAD,P1010100,D . I . U T con Cobre,COL09,L,12,RANGO ETARIO - 45 a 49 años,RANGO ETARIO,45 a 49 años,,,,"['RANGO ETARIO', '45 a 49 años']",11
P1,A,POBLACIÓN EN CONTROL SEGÚN MÉTODO DE REGULACIÓN DE FERTILIDAD,P1010100,D . I . U T con Cobre,COL10,M,13,RANGO ETARIO - 50 a 54 años,RANGO ETARIO,50 a 54 años,,,,"['RANGO ETARIO', '50 a 54 años']",11
P1,A,POBLACIÓN EN CONTROL SEGÚN MÉTODO DE REGULACIÓN DE FERTILIDAD,P1010100,D . I . U T con Cobre,COL11,N,14,RANGO ETARIO - 55 a 59 años,RANGO ETARIO,55 a 59 años,,,,"['RANGO ETARIO', '55 a 59 años']",11
P1,A,POBLACIÓN EN CONTROL SEGÚN MÉTODO DE REGULACIÓN DE FERTILIDAD,P1010100,D . I . U T con Cobre,COL12,O,15,RANGO ETARIO - 60 a 64 años,RANGO ETARIO,60 a 64 años,,,,"['RANGO ETARIO', '60 a 64 años']",11
P1,A,POBLACIÓN EN CONTROL SEGÚN MÉTODO DE REGULACIÓN DE FERTILIDAD,P1010100,D . I . U T con Cobre,COL13,P,16,RANGO ETARIO - 65 a 69 años,RANGO ETARIO,65 a 69 años,,,,"['RANGO ETARIO', '65 a 69 años']",11
P1,A,POBLACIÓN EN CONTROL SEGÚN MÉTODO DE REGULACIÓN DE FERTILIDAD,P1010100,D . I . U T con Cobre,COL14,Q,17,RANGO ETARIO - 70 y más años,RANGO ETARIO,70 y más años,,,,"['RANGO ETARIO', '70 y más años']",11
P1,A,POBLACIÓN EN CONTROL SEGÚN MÉTODO DE REGULACIÓN DE FERTILIDAD,P1010100,D . I . U T con Cobre,COL15,R,18,Pueblos Originarios,Pueblos Originarios,,,,,['Pueblos Originarios'],11
P1,A,POBLACIÓN EN CONTROL SEGÚN MÉTODO DE REGULACIÓN DE FERTILIDAD,P1010100,D . I . U T con Cobre,COL16,S,19,Migrantes - Menor de 20 años,Migrantes,Menor de 20 años,,,,"['Migrantes', 'Menor de 20 años']",11
P1,A,POBLACIÓN EN CONTROL SEGÚN MÉTODO DE REGULACIÓN DE FERTILIDAD,P1010100,D . I . U T con Cobre,COL17,T,20,Migrantes - 20 años y más,Migrantes,20 años y más,,,,"['Migrantes', '20 años y más']",11
P1,A,POBLACIÓN EN CONTROL SEGÚN MÉTODO DE REGULACIÓN DE FERTILIDAD,P1010100,D . I . U T con Cobre,COL18,U,21,PV-VIH (personas viviendo con VIH),PV-VIH (personas viviendo con VIH),,,,,['PV-VIH (personas viviendo con VIH)'],11
P1,A,POBLACIÓN EN CONTROL SEGÚN MÉTODO DE REGULACIÓN DE FERTILIDAD,P1010100,D . I . U T con Cobre,COL19,V,22,Identidad de Género - Trans Masculino,Identidad de Género,Trans Masculino,,,,"['Identidad de Género', 'Trans Masculino']",11
P1,A,POBLACIÓN EN CONTROL SEGÚN MÉTODO DE REGULACIÓN DE FERTILIDAD,P1010100,D . I . U T con Cobre,COL20,W,23,Identidad de Género - Trans Femenino,Identidad de Género,Trans Femenino,,,,"['Identidad de Género', 'Trans Femenino']",11
P1,A,POBLACIÓN EN CONTROL SEGÚN MÉTODO DE REGULACIÓN DE FERTILIDAD,P1010100,D . I . U T con Cobre,COL21,X,24,Identidad de Género - No Binarie,Identidad de Género,No Binarie,,,,"['Identidad de Género', 'No Binarie']",11
P1,A,POBLACIÓN EN CONTROL SEGÚN MÉTODO DE REGULACIÓN DE FERTILIDAD,P1010100,D . I . U T con Cobre,COL22,Y,25,Personas con Discapacidad,Personas con Discapacidad,,,,,['Personas con Discapacidad'],11
P1,A,POBLACIÓN EN CONTROL SEGÚN MÉTODO DE REGULACIÓN DE FERTILIDAD,P1060124,D . I . U con Levonorgestrel - D . I . U T con Cobre,COL01,D,4,TOTAL,TOTAL,,,,,['TOTAL'],12
P1,A,POBLACIÓN EN CONTROL SEGÚN MÉTODO DE REGULACIÓN DE FERTILIDAD,P1060124,D . I . U con Levonorgestrel - D . I . U T con Cobre,COL02,E,5,RANGO ETARIO - Menor de 15 años,RANGO ETARIO,Menor de 15 años,,,,"['RANGO ETARIO', 'Menor de 15 años']",12
P1,A,POBLACIÓN EN CONTROL SEGÚN MÉTODO DE REGULACIÓN DE FERTILIDAD,P1060124,D . I . U con Levonorgestrel - D . I . U T con Cobre,COL03,F,6,RANGO ETARIO - 15 a 19 años,RANGO ETARIO,15 a 19 años,,,,"['RANGO ETARIO', '15 a 19 años']",12
P1,A,POBLACIÓN EN CONTROL SEGÚN MÉTODO DE REGULACIÓN DE FERTILIDAD,P1060124,D . I . U con Levonorgestrel - D . I . U T con Cobre,COL04,G,7,RANGO ETARIO - 20 a 24 años,RANGO ETARIO,20 a 24 años,,,,"['RANGO ETARIO', '20 a 24 años']",12
P1,A,POBLACIÓN EN CONTROL SEGÚN MÉTODO DE REGULACIÓN DE FERTILIDAD,P1060124,D . I . U con Levonorgestrel - D . I . U T con Cobre,COL05,H,8,RANGO ETARIO - 25 a 29 años,RANGO ETARIO,25 a 29 años,,,,"['RANGO ETARIO', '25 a 29 años']",12
P1,A,POBLACIÓN EN CONTROL SEGÚN MÉTODO DE REGULACIÓN DE FERTILIDAD,P1060124,D . I . U con Levonorgestrel - D . I . U T con Cobre,COL06,I,9,RANGO ETARIO - 30 a 34 años,RANGO ETARIO,30 a 34 años,,,,"['RANGO ETARIO', '30 a 34 años']",12
P1,A,POBLACIÓN EN CONTROL SEGÚN MÉTODO DE REGULACIÓN DE FERTILIDAD,P1060124,D . I . U con Levonorgestrel - D . I . U T con Cobre,COL07,J,10,RANGO ETARIO - 35 a 39 años,RANGO ETARIO,35 a 39 años,,,,"['RANGO ETARIO', '35 a 39 años']",12
P1,A,POBLACIÓN EN CONTROL SEGÚN MÉTODO DE REGULACIÓN DE FERTILIDAD,P1060124,D . I . U con Levonorgestrel - D . I . U T con Cobre,COL08,K,11,RANGO ETARIO - 40 a 44 años,RANGO ETARIO,40 a 44 años,,,,"['RANGO ETARIO', '40 a 44 años']",12
P1,A,POBLACIÓN EN CONTROL SEGÚN MÉTODO DE REGULACIÓN DE FERTILIDAD,P1060124,D . I . U con Levonorgestrel - D . I . U T con Cobre,COL09,L,12,RANGO ETARIO - 45 a 49 años,RANGO ETARIO,45 a 49 años,,,,"['RANGO ETARIO', '45 a 49 años']",12
P1,A,POBLACIÓN EN CONTROL SEGÚN MÉTODO DE REGULACIÓN DE FERTILIDAD,P1060124,D . I . U con Levonorgestrel - D . I . U T con Cobre,COL10,M,13,RANGO ETARIO - 50 a 54 años,RANGO ETARIO,50 a 54 años,,,,"['RANGO ETARIO', '50 a 54 años']",12
P1,A,POBLACIÓN EN CONTROL SEGÚN MÉTODO DE REGULACIÓN DE FERTILIDAD,P1060124,D . I . U con Levonorgestrel - D . I . U T con Cobre,COL11,N,14,RANGO ETARIO - 55 a 59 años,RANGO ETARIO,55 a 59 años,,,,"['RANGO ETARIO', '55 a 59 años']",12
P1,A,POBLACIÓN EN CONTROL SEGÚN MÉTODO DE REGULACIÓN DE FERTILIDAD,P1060124,D . I . U con Levonorgestrel - D . I . U T con Cobre,COL12,O,15,RANGO ETARIO - 60 a 64 años,RANGO ETARIO,60 a 64 años,,,,"['RANGO ETARIO', '60 a 64 años']",12
P1,A,POBLACIÓN EN CONTROL SEGÚN MÉTODO DE REGULACIÓN DE FERTILIDAD,P1060124,D . I . U con Levonorgestrel - D . I . U T con Cobre,COL13,P,16,RANGO ETARIO - 65 a 69 años,RANGO ETARIO,65 a 69 años,,,,"['RANGO ETARIO', '65 a 69 años']",12
P1,A,POBLACIÓN EN CONTROL SEGÚN MÉTODO DE REGULACIÓN DE FERTILIDAD,P1060124,D . I . U con Levonorgestrel - D . I . U T con Cobre,COL14,Q,17,RANGO ETARIO - 70 y más años,RANGO ETARIO,70 y más años,,,,"['RANGO ETARIO', '70 y más años']",12
P1,A,POBLACIÓN EN CONTROL SEGÚN MÉTODO DE REGULACIÓN DE FERTILIDAD,P1060124,D . I . U con Levonorgestrel - D . I . U T con Cobre,COL15,R,18,Pueblos Originarios,Pueblos Originarios,,,,,['Pueblos Originarios'],12
P1,A,POBLACIÓN EN CONTROL SEGÚN MÉTODO DE REGULACIÓN DE FERTILIDAD,P1060124,D . I . U con Levonorgestrel - D . I . U T con Cobre,COL16,S,19,Migrantes - Menor de 20 años,Migrantes,Menor de 20 años,,,,"['Migrantes', 'Menor de 20 años']",12
P1,A,POBLACIÓN EN CONTROL SEGÚN MÉTODO DE REGULACIÓN DE FERTILIDAD,P1060124,D . I . U con Levonorgestrel - D . I . U T con Cobre,COL17,T,20,Migrantes - 20 años y más,Migrantes,20 años y más,,,,"['Migrantes', '20 años y más']",12
P1,A,POBLACIÓN EN CONTROL SEGÚN MÉTODO DE REGULACIÓN DE FERTILIDAD,P1060124,D . I . U con Levonorgestrel - D . I . U T con Cobre,COL18,U,21,PV-VIH (personas viviendo con VIH),PV-VIH (personas viviendo con VIH),,,,,['PV-VIH (personas viviendo con VIH)'],12
P1,A,POBLACIÓN EN CONTROL SEGÚN MÉTODO DE REGULACIÓN DE FERTILIDAD,P1060124,D . I . U con Levonorgestrel - D . I . U T con Cobre,COL19,V,22,Identidad de Género - Trans Masculino,Identidad de Género,Trans Masculino,,,,"['Identidad de Género', 'Trans Masculino']",12
P1,A,POBLACIÓN EN CONTROL SEGÚN MÉTODO DE REGULACIÓN DE FERTILIDAD,P1060124,D . I . U con Levonorgestrel - D . I . U T con Cobre,COL20,W,23,Identidad de Género - Trans Femenino,Identidad de Género,Trans Femenino,,,,"['Identidad de Género', 'Trans Femenino']",12
P1,A,POBLACIÓN EN CONTROL SEGÚN MÉTODO DE REGULACIÓN DE FERTILIDAD,P1060124,D . I . U con Levonorgestrel - D . I . U T con Cobre,COL21,X,24,Identidad de Género - No Binarie,Identidad de Género,No Binarie,,,,"['Identidad de Género', 'No Binarie']",12
P1,A,POBLACIÓN EN CONTROL SEGÚN MÉTODO DE REGULACIÓN DE FERTILIDAD,P1060124,D . I . U con Levonorgestrel - D . I . U T con Cobre,COL22,Y,25,Personas con Discapacidad,Personas con Discapacidad,,,,,['Personas con Discapacidad'],12
P1,A,POBLACIÓN EN CONTROL SEGÚN MÉTODO DE REGULACIÓN DE FERTILIDAD,P1010201,Hormonal - Oral Combinado,COL01,D,4,TOTAL,TOTAL,,,,,['TOTAL'],13
P1,A,POBLACIÓN EN CONTROL SEGÚN MÉTODO DE REGULACIÓN DE FERTILIDAD,P1010201,Hormonal - Oral Combinado,COL02,E,5,RANGO ETARIO - Menor de 15 años,RANGO ETARIO,Menor de 15 años,,,,"['RANGO ETARIO', 'Menor de 15 años']",13
P1,A,POBLACIÓN EN CONTROL SEGÚN MÉTODO DE REGULACIÓN DE FERTILIDAD,P1010201,Hormonal - Oral Combinado,COL03,F,6,RANGO ETARIO - 15 a 19 años,RANGO ETARIO,15 a 19 años,,,,"['RANGO ETARIO', '15 a 19 años']",13
P1,A,POBLACIÓN EN CONTROL SEGÚN MÉTODO DE REGULACIÓN DE FERTILIDAD,P1010201,Hormonal - Oral Combinado,COL04,G,7,RANGO ETARIO - 20 a 24 años,RANGO ETARIO,20 a 24 años,,,,"['RANGO ETARIO', '20 a 24 años']",13
P1,A,POBLACIÓN EN CONTROL SEGÚN MÉTODO DE REGULACIÓN DE FERTILIDAD,P1010201,Hormonal - Oral Combinado,COL05,H,8,RANGO ETARIO - 25 a 29 años,RANGO ETARIO,25 a 29 años,,,,"['RANGO ETARIO', '25 a 29 años']",13
P1,A,POBLACIÓN EN CONTROL SEGÚN MÉTODO DE REGULACIÓN DE FERTILIDAD,P1010201,Hormonal - Oral Combinado,COL06,I,9,RANGO ETARIO - 30 a 34 años,RANGO ETARIO,30 a 34 años,,,,"['RANGO ETARIO', '30 a 34 años']",13
P1,A,POBLACIÓN EN CONTROL SEGÚN MÉTODO DE REGULACIÓN DE FERTILIDAD,P1010201,Hormonal - Oral Combinado,COL07,J,10,RANGO ETARIO - 35 a 39 años,RANGO ETARIO,35 a 39 años,,,,"['RANGO ETARIO', '35 a 39 años']",13
P1,A,POBLACIÓN EN CONTROL SEGÚN MÉTODO DE REGULACIÓN DE FERTILIDAD,P1010201,Hormonal - Oral Combinado,COL08,K,11,RANGO ETARIO - 40 a 44 años,RANGO ETARIO,40 a 44 años,,,,"['RANGO ETARIO', '40 a 44 años']",13
P1,A,POBLACIÓN EN CONTROL SEGÚN MÉTODO DE REGULACIÓN DE FERTILIDAD,P1010201,Hormonal - Oral Combinado,COL09,L,12,RANGO ETARIO - 45 a 49 años,RANGO ETARIO,45 a 49 años,,,,"['RANGO ETARIO', '45 a 49 años']",13
P1,A,POBLACIÓN EN CONTROL SEGÚN MÉTODO DE REGULACIÓN DE FERTILIDAD,P1010201,Hormonal - Oral Combinado,COL10,M,13,RANGO ETARIO - 50 a 54 años,RANGO ETARIO,50 a 54 años,,,,"['RANGO ETARIO', '50 a 54 años']",13
P1,A,POBLACIÓN EN CONTROL SEGÚN MÉTODO DE REGULACIÓN DE FERTILIDAD,P1010201,Hormonal - Oral Combinado,COL11,N,14,RANGO ETARIO - 55 a 59 años,RANGO ETARIO,55 a 59 años,,,,"['RANGO ETARIO', '55 a 59 años']",13
P1,A,POBLACIÓN EN CONTROL SEGÚN MÉTODO DE REGULACIÓN DE FERTILIDAD,P1010201,Hormonal - Oral Combinado,COL12,O,15,RANGO ETARIO - 60 a 64 años,RANGO ETARIO,60 a 64 años,,,,"['RANGO ETARIO', '60 a 64 años']",13
P1,A,POBLACIÓN EN CONTROL SEGÚN MÉTODO DE REGULACIÓN DE FERTILIDAD,P1010201,Hormonal - Oral Combinado,COL13,P,16,RANGO ETARIO - 65 a 69 años,RANGO ETARIO,65 a 69 años,,,,"['RANGO ETARIO', '65 a 69 años']",13
P1,A,POBLACIÓN EN CONTROL SEGÚN MÉTODO DE REGULACIÓN DE FERTILIDAD,P1010201,Hormonal - Oral Combinado,COL14,Q,17,RANGO ETARIO - 70 y más años,RANGO ETARIO,70 y más años,,,,"['RANGO ETARIO', '70 y más años']",13
P1,A,POBLACIÓN EN CONTROL SEGÚN MÉTODO DE REGULACIÓN DE FERTILIDAD,P1010201,Hormonal - Oral Combinado,COL15,R,18,Pueblos Originarios,Pueblos Originarios,,,,,['Pueblos Originarios'],13
P1,A,POBLACIÓN EN CONTROL SEGÚN MÉTODO DE REGULACIÓN DE FERTILIDAD,P1010201,Hormonal - Oral Combinado,COL16,S,19,Migrantes - Menor de 20 años,Migrantes,Menor de 20 años,,,,"['Migrantes', 'Menor de 20 años']",13
P1,A,POBLACIÓN EN CONTROL SEGÚN MÉTODO DE REGULACIÓN DE FERTILIDAD,P1010201,Hormonal - Oral Combinado,COL17,T,20,Migrantes - 20 años y más,Migrantes,20 años y más,,,,"['Migrantes', '20 años y más']",13
P1,A,POBLACIÓN EN CONTROL SEGÚN MÉTODO DE REGULACIÓN DE FERTILIDAD,P1010201,Hormonal - Oral Combinado,COL18,U,21,PV-VIH (personas viviendo con VIH),PV-VIH (personas viviendo con VIH),,,,,['PV-VIH (personas viviendo con VIH)'],13
P1,A,POBLACIÓN EN CONTROL SEGÚN MÉTODO DE REGULACIÓN DE FERTILIDAD,P1010201,Hormonal - Oral Combinado,COL19,V,22,Identidad de Género - Trans Masculino,Identidad de Género,Trans Masculino,,,,"['Identidad de Género', 'Trans Masculino']",13
P1,A,POBLACIÓN EN CONTROL SEGÚN MÉTODO DE REGULACIÓN DE FERTILIDAD,P1010201,Hormonal - Oral Combinado,COL20,W,23,Identidad de Género - Trans Femenino,Identidad de Género,Trans Femenino,,,,"['Identidad de Género', 'Trans Femenino']",13
P1,A,POBLACIÓN EN CONTROL SEGÚN MÉTODO DE REGULACIÓN DE FERTILIDAD,P1010201,Hormonal - Oral Combinado,COL21,X,24,Identidad de Género - No Binarie,Identidad de Género,No Binarie,,,,"['Identidad de Género', 'No Binarie']",13
P1,A,POBLACIÓN EN CONTROL SEGÚN MÉTODO DE REGULACIÓN DE FERTILIDAD,P1010201,Hormonal - Oral Combinado,COL22,Y,25,Personas con Discapacidad,Personas con Discapacidad,,,,,['Personas con Discapacidad'],13
P1,A,POBLACIÓN EN CONTROL SEGÚN MÉTODO DE REGULACIÓN DE FERTILIDAD,P1010202,Hormonal - Oral Progestágeno,COL01,D,4,TOTAL,TOTAL,,,,,['TOTAL'],14
P1,A,POBLACIÓN EN CONTROL SEGÚN MÉTODO DE REGULACIÓN DE FERTILIDAD,P1010202,Hormonal - Oral Progestágeno,COL02,E,5,RANGO ETARIO - Menor de 15 años,RANGO ETARIO,Menor de 15 años,,,,"['RANGO ETARIO', 'Menor de 15 años']",14
P1,A,POBLACIÓN EN CONTROL SEGÚN MÉTODO DE REGULACIÓN DE FERTILIDAD,P1010202,Hormonal - Oral Progestágeno,COL03,F,6,RANGO ETARIO - 15 a 19 años,RANGO ETARIO,15 a 19 años,,,,"['RANGO ETARIO', '15 a 19 años']",14
P1,A,POBLACIÓN EN CONTROL SEGÚN MÉTODO DE REGULACIÓN DE FERTILIDAD,P1010202,Hormonal - Oral Progestágeno,COL04,G,7,RANGO ETARIO - 20 a 24 años,RANGO ETARIO,20 a 24 años,,,,"['RANGO ETARIO', '20 a 24 años']",14
P1,A,POBLACIÓN EN CONTROL SEGÚN MÉTODO DE REGULACIÓN DE FERTILIDAD,P1010202,Hormonal - Oral Progestágeno,COL05,H,8,RANGO ETARIO - 25 a 29 años,RANGO ETARIO,25 a 29 años,,,,"['RANGO ETARIO', '25 a 29 años']",14
P1,A,POBLACIÓN EN CONTROL SEGÚN MÉTODO DE REGULACIÓN DE FERTILIDAD,P1010202,Hormonal - Oral Progestágeno,COL06,I,9,RANGO ETARIO - 30 a 34 años,RANGO ETARIO,30 a 34 años,,,,"['RANGO ETARIO', '30 a 34 años']",14
P1,A,POBLACIÓN EN CONTROL SEGÚN MÉTODO DE REGULACIÓN DE FERTILIDAD,P1010202,Hormonal - Oral Progestágeno,COL07,J,10,RANGO ETARIO - 35 a 39 años,RANGO ETARIO,35 a 39 años,,,,"['RANGO ETARIO', '35 a 39 años']",14
P1,A,POBLACIÓN EN CONTROL SEGÚN MÉTODO DE REGULACIÓN DE FERTILIDAD,P1010202,Hormonal - Oral Progestágeno,COL08,K,11,RANGO ETARIO - 40 a 44 años,RANGO ETARIO,40 a 44 años,,,,"['RANGO ETARIO', '40 a 44 años']",14
P1,A,POBLACIÓN EN CONTROL SEGÚN MÉTODO DE REGULACIÓN DE FERTILIDAD,P1010202,Hormonal - Oral Progestágeno,COL09,L,12,RANGO ETARIO - 45 a 49 años,RANGO ETARIO,45 a 49 años,,,,"['RANGO ETARIO', '45 a 49 años']",14
P1,A,POBLACIÓN EN CONTROL SEGÚN MÉTODO DE REGULACIÓN DE FERTILIDAD,P1010202,Hormonal - Oral Progestágeno,COL10,M,13,RANGO ETARIO - 50 a 54 años,RANGO ETARIO,50 a 54 años,,,,"['RANGO ETARIO', '50 a 54 años']",14
P1,A,POBLACIÓN EN CONTROL SEGÚN MÉTODO DE REGULACIÓN DE FERTILIDAD,P1010202,Hormonal - Oral Progestágeno,COL11,N,14,RANGO ETARIO - 55 a 59 años,RANGO ETARIO,55 a 59 años,,,,"['RANGO ETARIO', '55 a 59 años']",14
P1,A,POBLACIÓN EN CONTROL SEGÚN MÉTODO DE REGULACIÓN DE FERTILIDAD,P1010202,Hormonal - Oral Progestágeno,COL12,O,15,RANGO ETARIO - 60 a 64 años,RANGO ETARIO,60 a 64 años,,,,"['RANGO ETARIO', '60 a 64 años']",14
P1,A,POBLACIÓN EN CONTROL SEGÚN MÉTODO DE REGULACIÓN DE FERTILIDAD,P1010202,Hormonal - Oral Progestágeno,COL13,P,16,RANGO ETARIO - 65 a 69 años,RANGO ETARIO,65 a 69 años,,,,"['RANGO ETARIO', '65 a 69 años']",14
P1,A,POBLACIÓN EN CONTROL SEGÚN MÉTODO DE REGULACIÓN DE FERTILIDAD,P1010202,Hormonal - Oral Progestágeno,COL14,Q,17,RANGO ETARIO - 70 y más años,RANGO ETARIO,70 y más años,,,,"['RANGO ETARIO', '70 y más años']",14
P1,A,POBLACIÓN EN CONTROL SEGÚN MÉTODO DE REGULACIÓN DE FERTILIDAD,P1010202,Hormonal - Oral Progestágeno,COL15,R,18,Pueblos Originarios,Pueblos Originarios,,,,,['Pueblos Originarios'],14
P1,A,POBLACIÓN EN CONTROL SEGÚN MÉTODO DE REGULACIÓN DE FERTILIDAD,P1010202,Hormonal - Oral Progestágeno,COL16,S,19,Migrantes - Menor de 20 años,Migrantes,Menor de 20 años,,,,"['Migrantes', 'Menor de 20 años']",14
P1,A,POBLACIÓN EN CONTROL SEGÚN MÉTODO DE REGULACIÓN DE FERTILIDAD,P1010202,Hormonal - Oral Progestágeno,COL17,T,20,Migrantes - 20 años y más,Migrantes,20 años y más,,,,"['Migrantes', '20 años y más']",14
P1,A,POBLACIÓN EN CONTROL SEGÚN MÉTODO DE REGULACIÓN DE FERTILIDAD,P1010202,Hormonal - Oral Progestágeno,COL18,U,21,PV-VIH (personas viviendo con VIH),PV-VIH (personas viviendo con VIH),,,,,['PV-VIH (personas viviendo con VIH)'],14
P1,A,POBLACIÓN EN CONTROL SEGÚN MÉTODO DE REGULACIÓN DE FERTILIDAD,P1010202,Hormonal - Oral Progestágeno,COL19,V,22,Identidad de Género - Trans Masculino,Identidad de Género,Trans Masculino,,,,"['Identidad de Género', 'Trans Masculino']",14
P1,A,POBLACIÓN EN CONTROL SEGÚN MÉTODO DE REGULACIÓN DE FERTILIDAD,P1010202,Hormonal - Oral Progestágeno,COL20,W,23,Identidad de Género - Trans Femenino,Identidad de Género,Trans Femenino,,,,"['Identidad de Género', 'Trans Femenino']",14
P1,A,POBLACIÓN EN CONTROL SEGÚN MÉTODO DE REGULACIÓN DE FERTILIDAD,P1010202,Hormonal - Oral Progestágeno,COL21,X,24,Identidad de Género - No Binarie,Identidad de Género,No Binarie,,,,"['Identidad de Género', 'No Binarie']",14
P1,A,POBLACIÓN EN CONTROL SEGÚN MÉTODO DE REGULACIÓN DE FERTILIDAD,P1010202,Hormonal - Oral Progestágeno,COL22,Y,25,Personas con Discapacidad,Personas con Discapacidad,,,,,['Personas con Discapacidad'],14
P1,A,POBLACIÓN EN CONTROL SEGÚN MÉTODO DE REGULACIÓN DE FERTILIDAD,P1010203,Hormonal - Inyectable Combinado,COL01,D,4,TOTAL,TOTAL,,,,,['TOTAL'],15
P1,A,POBLACIÓN EN CONTROL SEGÚN MÉTODO DE REGULACIÓN DE FERTILIDAD,P1010203,Hormonal - Inyectable Combinado,COL02,E,5,RANGO ETARIO - Menor de 15 años,RANGO ETARIO,Menor de 15 años,,,,"['RANGO ETARIO', 'Menor de 15 años']",15
P1,A,POBLACIÓN EN CONTROL SEGÚN MÉTODO DE REGULACIÓN DE FERTILIDAD,P1010203,Hormonal - Inyectable Combinado,COL03,F,6,RANGO ETARIO - 15 a 19 años,RANGO ETARIO,15 a 19 años,,,,"['RANGO ETARIO', '15 a 19 años']",15
P1,A,POBLACIÓN EN CONTROL SEGÚN MÉTODO DE REGULACIÓN DE FERTILIDAD,P1010203,Hormonal - Inyectable Combinado,COL04,G,7,RANGO ETARIO - 20 a 24 años,RANGO ETARIO,20 a 24 años,,,,"['RANGO ETARIO', '20 a 24 años']",15
P1,A,POBLACIÓN EN CONTROL SEGÚN MÉTODO DE REGULACIÓN DE FERTILIDAD,P1010203,Hormonal - Inyectable Combinado,COL05,H,8,RANGO ETARIO - 25 a 29 años,RANGO ETARIO,25 a 29 años,,,,"['RANGO ETARIO', '25 a 29 años']",15
P1,A,POBLACIÓN EN CONTROL SEGÚN MÉTODO DE REGULACIÓN DE FERTILIDAD,P1010203,Hormonal - Inyectable Combinado,COL06,I,9,RANGO ETARIO - 30 a 34 años,RANGO ETARIO,30 a 34 años,,,,"['RANGO ETARIO', '30 a 34 años']",15
P1,A,POBLACIÓN EN CONTROL SEGÚN MÉTODO DE REGULACIÓN DE FERTILIDAD,P1010203,Hormonal - Inyectable Combinado,COL07,J,10,RANGO ETARIO - 35 a 39 años,RANGO ETARIO,35 a 39 años,,,,"['RANGO ETARIO', '35 a 39 años']",15
P1,A,POBLACIÓN EN CONTROL SEGÚN MÉTODO DE REGULACIÓN DE FERTILIDAD,P1010203,Hormonal - Inyectable Combinado,COL08,K,11,RANGO ETARIO - 40 a 44 años,RANGO ETARIO,40 a 44 años,,,,"['RANGO ETARIO', '40 a 44 años']",15
P1,A,POBLACIÓN EN CONTROL SEGÚN MÉTODO DE REGULACIÓN DE FERTILIDAD,P1010203,Hormonal - Inyectable Combinado,COL09,L,12,RANGO ETARIO - 45 a 49 años,RANGO ETARIO,45 a 49 años,,,,"['RANGO ETARIO', '45 a 49 años']",15
P1,A,POBLACIÓN EN CONTROL SEGÚN MÉTODO DE REGULACIÓN DE FERTILIDAD,P1010203,Hormonal - Inyectable Combinado,COL10,M,13,RANGO ETARIO - 50 a 54 años,RANGO ETARIO,50 a 54 años,,,,"['RANGO ETARIO', '50 a 54 años']",15
P1,A,POBLACIÓN EN CONTROL SEGÚN MÉTODO DE REGULACIÓN DE FERTILIDAD,P1010203,Hormonal - Inyectable Combinado,COL11,N,14,RANGO ETARIO - 55 a 59 años,RANGO ETARIO,55 a 59 años,,,,"['RANGO ETARIO', '55 a 59 años']",15
P1,A,POBLACIÓN EN CONTROL SEGÚN MÉTODO DE REGULACIÓN DE FERTILIDAD,P1010203,Hormonal - Inyectable Combinado,COL12,O,15,RANGO ETARIO - 60 a 64 años,RANGO ETARIO,60 a 64 años,,,,"['RANGO ETARIO', '60 a 64 años']",15
P1,A,POBLACIÓN EN CONTROL SEGÚN MÉTODO DE REGULACIÓN DE FERTILIDAD,P1010203,Hormonal - Inyectable Combinado,COL13,P,16,RANGO ETARIO - 65 a 69 años,RANGO ETARIO,65 a 69 años,,,,"['RANGO ETARIO', '65 a 69 años']",15
P1,A,POBLACIÓN EN CONTROL SEGÚN MÉTODO DE REGULACIÓN DE FERTILIDAD,P1010203,Hormonal - Inyectable Combinado,COL14,Q,17,RANGO ETARIO - 70 y más años,RANGO ETARIO,70 y más años,,,,"['RANGO ETARIO', '70 y más años']",15
P1,A,POBLACIÓN EN CONTROL SEGÚN MÉTODO DE REGULACIÓN DE FERTILIDAD,P1010203,Hormonal - Inyectable Combinado,COL15,R,18,Pueblos Originarios,Pueblos Originarios,,,,,['Pueblos Originarios'],15
P1,A,POBLACIÓN EN CONTROL SEGÚN MÉTODO DE REGULACIÓN DE FERTILIDAD,P1010203,Hormonal - Inyectable Combinado,COL16,S,19,Migrantes - Menor de 20 años,Migrantes,Menor de 20 años,,,,"['Migrantes', 'Menor de 20 años']",15
P1,A,POBLACIÓN EN CONTROL SEGÚN MÉTODO DE REGULACIÓN DE FERTILIDAD,P1010203,Hormonal - Inyectable Combinado,COL17,T,20,Migrantes - 20 años y más,Migrantes,20 años y más,,,,"['Migrantes', '20 años y más']",15
P1,A,POBLACIÓN EN CONTROL SEGÚN MÉTODO DE REGULACIÓN DE FERTILIDAD,P1010203,Hormonal - Inyectable Combinado,COL18,U,21,PV-VIH (personas viviendo con VIH),PV-VIH (personas viviendo con VIH),,,,,['PV-VIH (personas viviendo con VIH)'],15
P1,A,POBLACIÓN EN CONTROL SEGÚN MÉTODO DE REGULACIÓN DE FERTILIDAD,P1010203,Hormonal - Inyectable Combinado,COL19,V,22,Identidad de Género - Trans Masculino,Identidad de Género,Trans Masculino,,,,"['Identidad de Género', 'Trans Masculino']",15
P1,A,POBLACIÓN EN CONTROL SEGÚN MÉTODO DE REGULACIÓN DE FERTILIDAD,P1010203,Hormonal - Inyectable Combinado,COL20,W,23,Identidad de Género - Trans Femenino,Identidad de Género,Trans Femenino,,,,"['Identidad de Género', 'Trans Femenino']",15
P1,A,POBLACIÓN EN CONTROL SEGÚN MÉTODO DE REGULACIÓN DE FERTILIDAD,P1010203,Hormonal - Inyectable Combinado,COL21,X,24,Identidad de Género - No Binarie,Identidad de Género,No Binarie,,,,"['Identidad de Género', 'No Binarie']",15
P1,A,POBLACIÓN EN CONTROL SEGÚN MÉTODO DE REGULACIÓN DE FERTILIDAD,P1010203,Hormonal - Inyectable Combinado,COL22,Y,25,Personas con Discapacidad,Personas con Discapacidad,,,,,['Personas con Discapacidad'],15
P1,A,POBLACIÓN EN CONTROL SEGÚN MÉTODO DE REGULACIÓN DE FERTILIDAD,P1040508,Hormonal - Inyectable Progestágeno,COL01,D,4,TOTAL,TOTAL,,,,,['TOTAL'],16
P1,A,POBLACIÓN EN CONTROL SEGÚN MÉTODO DE REGULACIÓN DE FERTILIDAD,P1040508,Hormonal - Inyectable Progestágeno,COL02,E,5,RANGO ETARIO - Menor de 15 años,RANGO ETARIO,Menor de 15 años,,,,"['RANGO ETARIO', 'Menor de 15 años']",16
P1,A,POBLACIÓN EN CONTROL SEGÚN MÉTODO DE REGULACIÓN DE FERTILIDAD,P1040508,Hormonal - Inyectable Progestágeno,COL03,F,6,RANGO ETARIO - 15 a 19 años,RANGO ETARIO,15 a 19 años,,,,"['RANGO ETARIO', '15 a 19 años']",16
P1,A,POBLACIÓN EN CONTROL SEGÚN MÉTODO DE REGULACIÓN DE FERTILIDAD,P1040508,Hormonal - Inyectable Progestágeno,COL04,G,7,RANGO ETARIO - 20 a 24 años,RANGO ETARIO,20 a 24 años,,,,"['RANGO ETARIO', '20 a 24 años']",16
P1,A,POBLACIÓN EN CONTROL SEGÚN MÉTODO DE REGULACIÓN DE FERTILIDAD,P1040508,Hormonal - Inyectable Progestágeno,COL05,H,8,RANGO ETARIO - 25 a 29 años,RANGO ETARIO,25 a 29 años,,,,"['RANGO ETARIO', '25 a 29 años']",16
P1,A,POBLACIÓN EN CONTROL SEGÚN MÉTODO DE REGULACIÓN DE FERTILIDAD,P1040508,Hormonal - Inyectable Progestágeno,COL06,I,9,RANGO ETARIO - 30 a 34 años,RANGO ETARIO,30 a 34 años,,,,"['RANGO ETARIO', '30 a 34 años']",16
P1,A,POBLACIÓN EN CONTROL SEGÚN MÉTODO DE REGULACIÓN DE FERTILIDAD,P1040508,Hormonal - Inyectable Progestágeno,COL07,J,10,RANGO ETARIO - 35 a 39 años,RANGO ETARIO,35 a 39 años,,,,"['RANGO ETARIO', '35 a 39 años']",16
P1,A,POBLACIÓN EN CONTROL SEGÚN MÉTODO DE REGULACIÓN DE FERTILIDAD,P1040508,Hormonal - Inyectable Progestágeno,COL08,K,11,RANGO ETARIO - 40 a 44 años,RANGO ETARIO,40 a 44 años,,,,"['RANGO ETARIO', '40 a 44 años']",16
P1,A,POBLACIÓN EN CONTROL SEGÚN MÉTODO DE REGULACIÓN DE FERTILIDAD,P1040508,Hormonal - Inyectable Progestágeno,COL09,L,12,RANGO ETARIO - 45 a 49 años,RANGO ETARIO,45 a 49 años,,,,"['RANGO ETARIO', '45 a 49 años']",16
P1,A,POBLACIÓN EN CONTROL SEGÚN MÉTODO DE REGULACIÓN DE FERTILIDAD,P1040508,Hormonal - Inyectable Progestágeno,COL10,M,13,RANGO ETARIO - 50 a 54 años,RANGO ETARIO,50 a 54 años,,,,"['RANGO ETARIO', '50 a 54 años']",16
P1,A,POBLACIÓN EN CONTROL SEGÚN MÉTODO DE REGULACIÓN DE FERTILIDAD,P1040508,Hormonal - Inyectable Progestágeno,COL11,N,14,RANGO ETARIO - 55 a 59 años,RANGO ETARIO,55 a 59 años,,,,"['RANGO ETARIO', '55 a 59 años']",16
P1,A,POBLACIÓN EN CONTROL SEGÚN MÉTODO DE REGULACIÓN DE FERTILIDAD,P1040508,Hormonal - Inyectable Progestágeno,COL12,O,15,RANGO ETARIO - 60 a 64 años,RANGO ETARIO,60 a 64 años,,,,"['RANGO ETARIO', '60 a 64 años']",16
P1,A,POBLACIÓN EN CONTROL SEGÚN MÉTODO DE REGULACIÓN DE FERTILIDAD,P1040508,Hormonal - Inyectable Progestágeno,COL13,P,16,RANGO ETARIO - 65 a 69 años,RANGO ETARIO,65 a 69 años,,,,"['RANGO ETARIO', '65 a 69 años']",16
P1,A,POBLACIÓN EN CONTROL SEGÚN MÉTODO DE REGULACIÓN DE FERTILIDAD,P1040508,Hormonal - Inyectable Progestágeno,COL14,Q,17,RANGO ETARIO - 70 y más años,RANGO ETARIO,70 y más años,,,,"['RANGO ETARIO', '70 y más años']",16
P1,A,POBLACIÓN EN CONTROL SEGÚN MÉTODO DE REGULACIÓN DE FERTILIDAD,P1040508,Hormonal - Inyectable Progestágeno,COL15,R,18,Pueblos Originarios,Pueblos Originarios,,,,,['Pueblos Originarios'],16
P1,A,POBLACIÓN EN CONTROL SEGÚN MÉTODO DE REGULACIÓN DE FERTILIDAD,P1040508,Hormonal - Inyectable Progestágeno,COL16,S,19,Migrantes - Menor de 20 años,Migrantes,Menor de 20 años,,,,"['Migrantes', 'Menor de 20 años']",16
P1,A,POBLACIÓN EN CONTROL SEGÚN MÉTODO DE REGULACIÓN DE FERTILIDAD,P1040508,Hormonal - Inyectable Progestágeno,COL17,T,20,Migrantes - 20 años y más,Migrantes,20 años y más,,,,"['Migrantes', '20 años y más']",16
P1,A,POBLACIÓN EN CONTROL SEGÚN MÉTODO DE REGULACIÓN DE FERTILIDAD,P1040508,Hormonal - Inyectable Progestágeno,COL18,U,21,PV-VIH (personas viviendo con VIH),PV-VIH (personas viviendo con VIH),,,,,['PV-VIH (personas viviendo con VIH)'],16
P1,A,POBLACIÓN EN CONTROL SEGÚN MÉTODO DE REGULACIÓN DE FERTILIDAD,P1040508,Hormonal - Inyectable Progestágeno,COL19,V,22,Identidad de Género - Trans Masculino,Identidad de Género,Trans Masculino,,,,"['Identidad de Género', 'Trans Masculino']",16
P1,A,POBLACIÓN EN CONTROL SEGÚN MÉTODO DE REGULACIÓN DE FERTILIDAD,P1040508,Hormonal - Inyectable Progestágeno,COL20,W,23,Identidad de Género - Trans Femenino,Identidad de Género,Trans Femenino,,,,"['Identidad de Género', 'Trans Femenino']",16
P1,A,POBLACIÓN EN CONTROL SEGÚN MÉTODO DE REGULACIÓN DE FERTILIDAD,P1040508,Hormonal - Inyectable Progestágeno,COL21,X,24,Identidad de Género - No Binarie,Identidad de Género,No Binarie,,,,"['Identidad de Género', 'No Binarie']",16
P1,A,POBLACIÓN EN CONTROL SEGÚN MÉTODO DE REGULACIÓN DE FERTILIDAD,P1040508,Hormonal - Inyectable Progestágeno,COL22,Y,25,Personas con Discapacidad,Personas con Discapacidad,,,,,['Personas con Discapacidad'],16
P1,A,POBLACIÓN EN CONTROL SEGÚN MÉTODO DE REGULACIÓN DE FERTILIDAD,P1040500,Hormonal - Implante Etonogestrel (3 años),COL01,D,4,TOTAL,TOTAL,,,,,['TOTAL'],17
P1,A,POBLACIÓN EN CONTROL SEGÚN MÉTODO DE REGULACIÓN DE FERTILIDAD,P1040500,Hormonal - Implante Etonogestrel (3 años),COL02,E,5,RANGO ETARIO - Menor de 15 años,RANGO ETARIO,Menor de 15 años,,,,"['RANGO ETARIO', 'Menor de 15 años']",17
P1,A,POBLACIÓN EN CONTROL SEGÚN MÉTODO DE REGULACIÓN DE FERTILIDAD,P1040500,Hormonal - Implante Etonogestrel (3 años),COL03,F,6,RANGO ETARIO - 15 a 19 años,RANGO ETARIO,15 a 19 años,,,,"['RANGO ETARIO', '15 a 19 años']",17
P1,A,POBLACIÓN EN CONTROL SEGÚN MÉTODO DE REGULACIÓN DE FERTILIDAD,P1040500,Hormonal - Implante Etonogestrel (3 años),COL04,G,7,RANGO ETARIO - 20 a 24 años,RANGO ETARIO,20 a 24 años,,,,"['RANGO ETARIO', '20 a 24 años']",17
P1,A,POBLACIÓN EN CONTROL SEGÚN MÉTODO DE REGULACIÓN DE FERTILIDAD,P1040500,Hormonal - Implante Etonogestrel (3 años),COL05,H,8,RANGO ETARIO - 25 a 29 años,RANGO ETARIO,25 a 29 años,,,,"['RANGO ETARIO', '25 a 29 años']",17
P1,A,POBLACIÓN EN CONTROL SEGÚN MÉTODO DE REGULACIÓN DE FERTILIDAD,P1040500,Hormonal - Implante Etonogestrel (3 años),COL06,I,9,RANGO ETARIO - 30 a 34 años,RANGO ETARIO,30 a 34 años,,,,"['RANGO ETARIO', '30 a 34 años']",17
P1,A,POBLACIÓN EN CONTROL SEGÚN MÉTODO DE REGULACIÓN DE FERTILIDAD,P1040500,Hormonal - Implante Etonogestrel (3 años),COL07,J,10,RANGO ETARIO - 35 a 39 años,RANGO ETARIO,35 a 39 años,,,,"['RANGO ETARIO', '35 a 39 años']",17
P1,A,POBLACIÓN EN CONTROL SEGÚN MÉTODO DE REGULACIÓN DE FERTILIDAD,P1040500,Hormonal - Implante Etonogestrel (3 años),COL08,K,11,RANGO ETARIO - 40 a 44 años,RANGO ETARIO,40 a 44 años,,,,"['RANGO ETARIO', '40 a 44 años']",17
P1,A,POBLACIÓN EN CONTROL SEGÚN MÉTODO DE REGULACIÓN DE FERTILIDAD,P1040500,Hormonal - Implante Etonogestrel (3 años),COL09,L,12,RANGO ETARIO - 45 a 49 años,RANGO ETARIO,45 a 49 años,,,,"['RANGO ETARIO', '45 a 49 años']",17
P1,A,POBLACIÓN EN CONTROL SEGÚN MÉTODO DE REGULACIÓN DE FERTILIDAD,P1040500,Hormonal - Implante Etonogestrel (3 años),COL10,M,13,RANGO ETARIO - 50 a 54 años,RANGO ETARIO,50 a 54 años,,,,"['RANGO ETARIO', '50 a 54 años']",17
P1,A,POBLACIÓN EN CONTROL SEGÚN MÉTODO DE REGULACIÓN DE FERTILIDAD,P1040500,Hormonal - Implante Etonogestrel (3 años),COL11,N,14,RANGO ETARIO - 55 a 59 años,RANGO ETARIO,55 a 59 años,,,,"['RANGO ETARIO', '55 a 59 años']",17
P1,A,POBLACIÓN EN CONTROL SEGÚN MÉTODO DE REGULACIÓN DE FERTILIDAD,P1040500,Hormonal - Implante Etonogestrel (3 años),COL12,O,15,RANGO ETARIO - 60 a 64 años,RANGO ETARIO,60 a 64 años,,,,"['RANGO ETARIO', '60 a 64 años']",17
P1,A,POBLACIÓN EN CONTROL SEGÚN MÉTODO DE REGULACIÓN DE FERTILIDAD,P1040500,Hormonal - Implante Etonogestrel (3 años),COL13,P,16,RANGO ETARIO - 65 a 69 años,RANGO ETARIO,65 a 69 años,,,,"['RANGO ETARIO', '65 a 69 años']",17
P1,A,POBLACIÓN EN CONTROL SEGÚN MÉTODO DE REGULACIÓN DE FERTILIDAD,P1040500,Hormonal - Implante Etonogestrel (3 años),COL14,Q,17,RANGO ETARIO - 70 y más años,RANGO ETARIO,70 y más años,,,,"['RANGO ETARIO', '70 y más años']",17
P1,A,POBLACIÓN EN CONTROL SEGÚN MÉTODO DE REGULACIÓN DE FERTILIDAD,P1040500,Hormonal - Implante Etonogestrel (3 años),COL15,R,18,Pueblos Originarios,Pueblos Originarios,,,,,['Pueblos Originarios'],17
P1,A,POBLACIÓN EN CONTROL SEGÚN MÉTODO DE REGULACIÓN DE FERTILIDAD,P1040500,Hormonal - Implante Etonogestrel (3 años),COL16,S,19,Migrantes - Menor de 20 años,Migrantes,Menor de 20 años,,,,"['Migrantes', 'Menor de 20 años']",17
P1,A,POBLACIÓN EN CONTROL SEGÚN MÉTODO DE REGULACIÓN DE FERTILIDAD,P1040500,Hormonal - Implante Etonogestrel (3 años),COL17,T,20,Migrantes - 20 años y más,Migrantes,20 años y más,,,,"['Migrantes', '20 años y más']",17
P1,A,POBLACIÓN EN CONTROL SEGÚN MÉTODO DE REGULACIÓN DE FERTILIDAD,P1040500,Hormonal - Implante Etonogestrel (3 años),COL18,U,21,PV-VIH (personas viviendo con VIH),PV-VIH (personas viviendo con VIH),,,,,['PV-VIH (personas viviendo con VIH)'],17
P1,A,POBLACIÓN EN CONTROL SEGÚN MÉTODO DE REGULACIÓN DE FERTILIDAD,P1040500,Hormonal - Implante Etonogestrel (3 años),COL19,V,22,Identidad de Género - Trans Masculino,Identidad de Género,Trans Masculino,,,,"['Identidad de Género', 'Trans Masculino']",17
P1,A,POBLACIÓN EN CONTROL SEGÚN MÉTODO DE REGULACIÓN DE FERTILIDAD,P1040500,Hormonal - Implante Etonogestrel (3 años),COL20,W,23,Identidad de Género - Trans Femenino,Identidad de Género,Trans Femenino,,,,"['Identidad de Género', 'Trans Femenino']",17
P1,A,POBLACIÓN EN CONTROL SEGÚN MÉTODO DE REGULACIÓN DE FERTILIDAD,P1040500,Hormonal - Implante Etonogestrel (3 años),COL21,X,24,Identidad de Género - No Binarie,Identidad de Género,No Binarie,,,,"['Identidad de Género', 'No Binarie']",17
P1,A,POBLACIÓN EN CONTROL SEGÚN MÉTODO DE REGULACIÓN DE FERTILIDAD,P1040500,Hormonal - Implante Etonogestrel (3 años),COL22,Y,25,Personas con Discapacidad,Personas con Discapacidad,,,,,['Personas con Discapacidad'],17
P1,A,POBLACIÓN EN CONTROL SEGÚN MÉTODO DE REGULACIÓN DE FERTILIDAD,P1200190,Hormonal - Implante Levonorgestrel (5 años),COL01,D,4,TOTAL,TOTAL,,,,,['TOTAL'],18
P1,A,POBLACIÓN EN CONTROL SEGÚN MÉTODO DE REGULACIÓN DE FERTILIDAD,P1200190,Hormonal - Implante Levonorgestrel (5 años),COL02,E,5,RANGO ETARIO - Menor de 15 años,RANGO ETARIO,Menor de 15 años,,,,"['RANGO ETARIO', 'Menor de 15 años']",18
P1,A,POBLACIÓN EN CONTROL SEGÚN MÉTODO DE REGULACIÓN DE FERTILIDAD,P1200190,Hormonal - Implante Levonorgestrel (5 años),COL03,F,6,RANGO ETARIO - 15 a 19 años,RANGO ETARIO,15 a 19 años,,,,"['RANGO ETARIO', '15 a 19 años']",18
P1,A,POBLACIÓN EN CONTROL SEGÚN MÉTODO DE REGULACIÓN DE FERTILIDAD,P1200190,Hormonal - Implante Levonorgestrel (5 años),COL04,G,7,RANGO ETARIO - 20 a 24 años,RANGO ETARIO,20 a 24 años,,,,"['RANGO ETARIO', '20 a 24 años']",18
P1,A,POBLACIÓN EN CONTROL SEGÚN MÉTODO DE REGULACIÓN DE FERTILIDAD,P1200190,Hormonal - Implante Levonorgestrel (5 años),COL05,H,8,RANGO ETARIO - 25 a 29 años,RANGO ETARIO,25 a 29 años,,,,"['RANGO ETARIO', '25 a 29 años']",18
P1,A,POBLACIÓN EN CONTROL SEGÚN MÉTODO DE REGULACIÓN DE FERTILIDAD,P1200190,Hormonal - Implante Levonorgestrel (5 años),COL06,I,9,RANGO ETARIO - 30 a 34 años,RANGO ETARIO,30 a 34 años,,,,"['RANGO ETARIO', '30 a 34 años']",18
P1,A,POBLACIÓN EN CONTROL SEGÚN MÉTODO DE REGULACIÓN DE FERTILIDAD,P1200190,Hormonal - Implante Levonorgestrel (5 años),COL07,J,10,RANGO ETARIO - 35 a 39 años,RANGO ETARIO,35 a 39 años,,,,"['RANGO ETARIO', '35 a 39 años']",18
P1,A,POBLACIÓN EN CONTROL SEGÚN MÉTODO DE REGULACIÓN DE FERTILIDAD,P1200190,Hormonal - Implante Levonorgestrel (5 años),COL08,K,11,RANGO ETARIO - 40 a 44 años,RANGO ETARIO,40 a 44 años,,,,"['RANGO ETARIO', '40 a 44 años']",18
P1,A,POBLACIÓN EN CONTROL SEGÚN MÉTODO DE REGULACIÓN DE FERTILIDAD,P1200190,Hormonal - Implante Levonorgestrel (5 años),COL09,L,12,RANGO ETARIO - 45 a 49 años,RANGO ETARIO,45 a 49 años,,,,"['RANGO ETARIO', '45 a 49 años']",18
P1,A,POBLACIÓN EN CONTROL SEGÚN MÉTODO DE REGULACIÓN DE FERTILIDAD,P1200190,Hormonal - Implante Levonorgestrel (5 años),COL10,M,13,RANGO ETARIO - 50 a 54 años,RANGO ETARIO,50 a 54 años,,,,"['RANGO ETARIO', '50 a 54 años']",18
P1,A,POBLACIÓN EN CONTROL SEGÚN MÉTODO DE REGULACIÓN DE FERTILIDAD,P1200190,Hormonal - Implante Levonorgestrel (5 años),COL11,N,14,RANGO ETARIO - 55 a 59 años,RANGO ETARIO,55 a 59 años,,,,"['RANGO ETARIO', '55 a 59 años']",18
P1,A,POBLACIÓN EN CONTROL SEGÚN MÉTODO DE REGULACIÓN DE FERTILIDAD,P1200190,Hormonal - Implante Levonorgestrel (5 años),COL12,O,15,RANGO ETARIO - 60 a 64 años,RANGO ETARIO,60 a 64 años,,,,"['RANGO ETARIO', '60 a 64 años']",18
P1,A,POBLACIÓN EN CONTROL SEGÚN MÉTODO DE REGULACIÓN DE FERTILIDAD,P1200190,Hormonal - Implante Levonorgestrel (5 años),COL13,P,16,RANGO ETARIO - 65 a 69 años,RANGO ETARIO,65 a 69 años,,,,"['RANGO ETARIO', '65 a 69 años']",18
P1,A,POBLACIÓN EN CONTROL SEGÚN MÉTODO DE REGULACIÓN DE FERTILIDAD,P1200190,Hormonal - Implante Levonorgestrel (5 años),COL14,Q,17,RANGO ETARIO - 70 y más años,RANGO ETARIO,70 y más años,,,,"['RANGO ETARIO', '70 y más años']",18
P1,A,POBLACIÓN EN CONTROL SEGÚN MÉTODO DE REGULACIÓN DE FERTILIDAD,P1200190,Hormonal - Implante Levonorgestrel (5 años),COL15,R,18,Pueblos Originarios,Pueblos Originarios,,,,,['Pueblos Originarios'],18
P1,A,POBLACIÓN EN CONTROL SEGÚN MÉTODO DE REGULACIÓN DE FERTILIDAD,P1200190,Hormonal - Implante Levonorgestrel (5 años),COL16,S,19,Migrantes - Menor de 20 años,Migrantes,Menor de 20 años,,,,"['Migrantes', 'Menor de 20 años']",18
P1,A,POBLACIÓN EN CONTROL SEGÚN MÉTODO DE REGULACIÓN DE FERTILIDAD,P1200190,Hormonal - Implante Levonorgestrel (5 años),COL17,T,20,Migrantes - 20 años y más,Migrantes,20 años y más,,,,"['Migrantes', '20 años y más']",18
P1,A,POBLACIÓN EN CONTROL SEGÚN MÉTODO DE REGULACIÓN DE FERTILIDAD,P1200190,Hormonal - Implante Levonorgestrel (5 años),COL18,U,21,PV-VIH (personas viviendo con VIH),PV-VIH (personas viviendo con VIH),,,,,['PV-VIH (personas viviendo con VIH)'],18
P1,A,POBLACIÓN EN CONTROL SEGÚN MÉTODO DE REGULACIÓN DE FERTILIDAD,P1200190,Hormonal - Implante Levonorgestrel (5 años),COL19,V,22,Identidad de Género - Trans Masculino,Identidad de Género,Trans Masculino,,,,"['Identidad de Género', 'Trans Masculino']",18
P1,A,POBLACIÓN EN CONTROL SEGÚN MÉTODO DE REGULACIÓN DE FERTILIDAD,P1200190,Hormonal - Implante Levonorgestrel (5 años),COL20,W,23,Identidad de Género - Trans Femenino,Identidad de Género,Trans Femenino,,,,"['Identidad de Género', 'Trans Femenino']",18
P1,A,POBLACIÓN EN CONTROL SEGÚN MÉTODO DE REGULACIÓN DE FERTILIDAD,P1200190,Hormonal - Implante Levonorgestrel (5 años),COL21,X,24,Identidad de Género - No Binarie,Identidad de Género,No Binarie,,,,"['Identidad de Género', 'No Binarie']",18
P1,A,POBLACIÓN EN CONTROL SEGÚN MÉTODO DE REGULACIÓN DE FERTILIDAD,P1200190,Hormonal - Implante Levonorgestrel (5 años),COL22,Y,25,Personas con Discapacidad,Personas con Discapacidad,,,,,['Personas con Discapacidad'],18
P1,A,POBLACIÓN EN CONTROL SEGÚN MÉTODO DE REGULACIÓN DE FERTILIDAD,P1600105,Hormonal - Anillo Vaginal,COL01,D,4,TOTAL,TOTAL,,,,,['TOTAL'],19
P1,A,POBLACIÓN EN CONTROL SEGÚN MÉTODO DE REGULACIÓN DE FERTILIDAD,P1600105,Hormonal - Anillo Vaginal,COL02,E,5,RANGO ETARIO - Menor de 15 años,RANGO ETARIO,Menor de 15 años,,,,"['RANGO ETARIO', 'Menor de 15 años']",19
P1,A,POBLACIÓN EN CONTROL SEGÚN MÉTODO DE REGULACIÓN DE FERTILIDAD,P1600105,Hormonal - Anillo Vaginal,COL03,F,6,RANGO ETARIO - 15 a 19 años,RANGO ETARIO,15 a 19 años,,,,"['RANGO ETARIO', '15 a 19 años']",19
P1,A,POBLACIÓN EN CONTROL SEGÚN MÉTODO DE REGULACIÓN DE FERTILIDAD,P1600105,Hormonal - Anillo Vaginal,COL04,G,7,RANGO ETARIO - 20 a 24 años,RANGO ETARIO,20 a 24 años,,,,"['RANGO ETARIO', '20 a 24 años']",19
P1,A,POBLACIÓN EN CONTROL SEGÚN MÉTODO DE REGULACIÓN DE FERTILIDAD,P1600105,Hormonal - Anillo Vaginal,COL05,H,8,RANGO ETARIO - 25 a 29 años,RANGO ETARIO,25 a 29 años,,,,"['RANGO ETARIO', '25 a 29 años']",19
P1,A,POBLACIÓN EN CONTROL SEGÚN MÉTODO DE REGULACIÓN DE FERTILIDAD,P1600105,Hormonal - Anillo Vaginal,COL06,I,9,RANGO ETARIO - 30 a 34 años,RANGO ETARIO,30 a 34 años,,,,"['RANGO ETARIO', '30 a 34 años']",19
P1,A,POBLACIÓN EN CONTROL SEGÚN MÉTODO DE REGULACIÓN DE FERTILIDAD,P1600105,Hormonal - Anillo Vaginal,COL07,J,10,RANGO ETARIO - 35 a 39 años,RANGO ETARIO,35 a 39 años,,,,"['RANGO ETARIO', '35 a 39 años']",19
P1,A,POBLACIÓN EN CONTROL SEGÚN MÉTODO DE REGULACIÓN DE FERTILIDAD,P1600105,Hormonal - Anillo Vaginal,COL08,K,11,RANGO ETARIO - 40 a 44 años,RANGO ETARIO,40 a 44 años,,,,"['RANGO ETARIO', '40 a 44 años']",19
P1,A,POBLACIÓN EN CONTROL SEGÚN MÉTODO DE REGULACIÓN DE FERTILIDAD,P1600105,Hormonal - Anillo Vaginal,COL09,L,12,RANGO ETARIO - 45 a 49 años,RANGO ETARIO,45 a 49 años,,,,"['RANGO ETARIO', '45 a 49 años']",19
P1,A,POBLACIÓN EN CONTROL SEGÚN MÉTODO DE REGULACIÓN DE FERTILIDAD,P1600105,Hormonal - Anillo Vaginal,COL10,M,13,RANGO ETARIO - 50 a 54 años,RANGO ETARIO,50 a 54 años,,,,"['RANGO ETARIO', '50 a 54 años']",19
P1,A,POBLACIÓN EN CONTROL SEGÚN MÉTODO DE REGULACIÓN DE FERTILIDAD,P1600105,Hormonal - Anillo Vaginal,COL11,N,14,RANGO ETARIO - 55 a 59 años,RANGO ETARIO,55 a 59 años,,,,"['RANGO ETARIO', '55 a 59 años']",19
P1,A,POBLACIÓN EN CONTROL SEGÚN MÉTODO DE REGULACIÓN DE FERTILIDAD,P1600105,Hormonal - Anillo Vaginal,COL12,O,15,RANGO ETARIO - 60 a 64 años,RANGO ETARIO,60 a 64 años,,,,"['RANGO ETARIO', '60 a 64 años']",19
P1,A,POBLACIÓN EN CONTROL SEGÚN MÉTODO DE REGULACIÓN DE FERTILIDAD,P1600105,Hormonal - Anillo Vaginal,COL13,P,16,RANGO ETARIO - 65 a 69 años,RANGO ETARIO,65 a 69 años,,,,"['RANGO ETARIO', '65 a 69 años']",19
P1,A,POBLACIÓN EN CONTROL SEGÚN MÉTODO DE REGULACIÓN DE FERTILIDAD,P1600105,Hormonal - Anillo Vaginal,COL14,Q,17,RANGO ETARIO - 70 y más años,RANGO ETARIO,70 y más años,,,,"['RANGO ETARIO', '70 y más años']",19
P1,A,POBLACIÓN EN CONTROL SEGÚN MÉTODO DE REGULACIÓN DE FERTILIDAD,P1600105,Hormonal - Anillo Vaginal,COL15,R,18,Pueblos Originarios,Pueblos Originarios,,,,,['Pueblos Originarios'],19
P1,A,POBLACIÓN EN CONTROL SEGÚN MÉTODO DE REGULACIÓN DE FERTILIDAD,P1600105,Hormonal - Anillo Vaginal,COL16,S,19,Migrantes - Menor de 20 años,Migrantes,Menor de 20 años,,,,"['Migrantes', 'Menor de 20 años']",19
P1,A,POBLACIÓN EN CONTROL SEGÚN MÉTODO DE REGULACIÓN DE FERTILIDAD,P1600105,Hormonal - Anillo Vaginal,COL17,T,20,Migrantes - 20 años y más,Migrantes,20 años y más,,,,"['Migrantes', '20 años y más']",19
P1,A,POBLACIÓN EN CONTROL SEGÚN MÉTODO DE REGULACIÓN DE FERTILIDAD,P1600105,Hormonal - Anillo Vaginal,COL18,U,21,PV-VIH (personas viviendo con VIH),PV-VIH (personas viviendo con VIH),,,,,['PV-VIH (personas viviendo con VIH)'],19
P1,A,POBLACIÓN EN CONTROL SEGÚN MÉTODO DE REGULACIÓN DE FERTILIDAD,P1600105,Hormonal - Anillo Vaginal,COL19,V,22,Identidad de Género - Trans Masculino,Identidad de Género,Trans Masculino,,,,"['Identidad de Género', 'Trans Masculino']",19
P1,A,POBLACIÓN EN CONTROL SEGÚN MÉTODO DE REGULACIÓN DE FERTILIDAD,P1600105,Hormonal - Anillo Vaginal,COL20,W,23,Identidad de Género - Trans Femenino,Identidad de Género,Trans Femenino,,,,"['Identidad de Género', 'Trans Femenino']",19
P1,A,POBLACIÓN EN CONTROL SEGÚN MÉTODO DE REGULACIÓN DE FERTILIDAD,P1600105,Hormonal - Anillo Vaginal,COL21,X,24,Identidad de Género - No Binarie,Identidad de Género,No Binarie,,,,"['Identidad de Género', 'No Binarie']",19
P1,A,POBLACIÓN EN CONTROL SEGÚN MÉTODO DE REGULACIÓN DE FERTILIDAD,P1600105,Hormonal - Anillo Vaginal,COL22,Y,25,Personas con Discapacidad,Personas con Discapacidad,,,,,['Personas con Discapacidad'],19
P1,A,POBLACIÓN EN CONTROL SEGÚN MÉTODO DE REGULACIÓN DE FERTILIDAD,P1010301,Solo Preservativo MAC - Mujer,COL01,D,4,TOTAL,TOTAL,,,,,['TOTAL'],20
P1,A,POBLACIÓN EN CONTROL SEGÚN MÉTODO DE REGULACIÓN DE FERTILIDAD,P1010301,Solo Preservativo MAC - Mujer,COL02,E,5,RANGO ETARIO - Menor de 15 años,RANGO ETARIO,Menor de 15 años,,,,"['RANGO ETARIO', 'Menor de 15 años']",20
P1,A,POBLACIÓN EN CONTROL SEGÚN MÉTODO DE REGULACIÓN DE FERTILIDAD,P1010301,Solo Preservativo MAC - Mujer,COL03,F,6,RANGO ETARIO - 15 a 19 años,RANGO ETARIO,15 a 19 años,,,,"['RANGO ETARIO', '15 a 19 años']",20
P1,A,POBLACIÓN EN CONTROL SEGÚN MÉTODO DE REGULACIÓN DE FERTILIDAD,P1010301,Solo Preservativo MAC - Mujer,COL04,G,7,RANGO ETARIO - 20 a 24 años,RANGO ETARIO,20 a 24 años,,,,"['RANGO ETARIO', '20 a 24 años']",20
P1,A,POBLACIÓN EN CONTROL SEGÚN MÉTODO DE REGULACIÓN DE FERTILIDAD,P1010301,Solo Preservativo MAC - Mujer,COL05,H,8,RANGO ETARIO - 25 a 29 años,RANGO ETARIO,25 a 29 años,,,,"['RANGO ETARIO', '25 a 29 años']",20
P1,A,POBLACIÓN EN CONTROL SEGÚN MÉTODO DE REGULACIÓN DE FERTILIDAD,P1010301,Solo Preservativo MAC - Mujer,COL06,I,9,RANGO ETARIO - 30 a 34 años,RANGO ETARIO,30 a 34 años,,,,"['RANGO ETARIO', '30 a 34 años']",20
P1,A,POBLACIÓN EN CONTROL SEGÚN MÉTODO DE REGULACIÓN DE FERTILIDAD,P1010301,Solo Preservativo MAC - Mujer,COL07,J,10,RANGO ETARIO - 35 a 39 años,RANGO ETARIO,35 a 39 años,,,,"['RANGO ETARIO', '35 a 39 años']",20
P1,A,POBLACIÓN EN CONTROL SEGÚN MÉTODO DE REGULACIÓN DE FERTILIDAD,P1010301,Solo Preservativo MAC - Mujer,COL08,K,11,RANGO ETARIO - 40 a 44 años,RANGO ETARIO,40 a 44 años,,,,"['RANGO ETARIO', '40 a 44 años']",20
P1,A,POBLACIÓN EN CONTROL SEGÚN MÉTODO DE REGULACIÓN DE FERTILIDAD,P1010301,Solo Preservativo MAC - Mujer,COL09,L,12,RANGO ETARIO - 45 a 49 años,RANGO ETARIO,45 a 49 años,,,,"['RANGO ETARIO', '45 a 49 años']",20
P1,A,POBLACIÓN EN CONTROL SEGÚN MÉTODO DE REGULACIÓN DE FERTILIDAD,P1010301,Solo Preservativo MAC - Mujer,COL10,M,13,RANGO ETARIO - 50 a 54 años,RANGO ETARIO,50 a 54 años,,,,"['RANGO ETARIO', '50 a 54 años']",20
P1,A,POBLACIÓN EN CONTROL SEGÚN MÉTODO DE REGULACIÓN DE FERTILIDAD,P1010301,Solo Preservativo MAC - Mujer,COL11,N,14,RANGO ETARIO - 55 a 59 años,RANGO ETARIO,55 a 59 años,,,,"['RANGO ETARIO', '55 a 59 años']",20
P1,A,POBLACIÓN EN CONTROL SEGÚN MÉTODO DE REGULACIÓN DE FERTILIDAD,P1010301,Solo Preservativo MAC - Mujer,COL12,O,15,RANGO ETARIO - 60 a 64 años,RANGO ETARIO,60 a 64 años,,,,"['RANGO ETARIO', '60 a 64 años']",20
P1,A,POBLACIÓN EN CONTROL SEGÚN MÉTODO DE REGULACIÓN DE FERTILIDAD,P1010301,Solo Preservativo MAC - Mujer,COL13,P,16,RANGO ETARIO - 65 a 69 años,RANGO ETARIO,65 a 69 años,,,,"['RANGO ETARIO', '65 a 69 años']",20
P1,A,POBLACIÓN EN CONTROL SEGÚN MÉTODO DE REGULACIÓN DE FERTILIDAD,P1010301,Solo Preservativo MAC - Mujer,COL14,Q,17,RANGO ETARIO - 70 y más años,RANGO ETARIO,70 y más años,,,,"['RANGO ETARIO', '70 y más años']",20
P1,A,POBLACIÓN EN CONTROL SEGÚN MÉTODO DE REGULACIÓN DE FERTILIDAD,P1010301,Solo Preservativo MAC - Mujer,COL15,R,18,Pueblos Originarios,Pueblos Originarios,,,,,['Pueblos Originarios'],20
P1,A,POBLACIÓN EN CONTROL SEGÚN MÉTODO DE REGULACIÓN DE FERTILIDAD,P1010301,Solo Preservativo MAC - Mujer,COL16,S,19,Migrantes - Menor de 20 años,Migrantes,Menor de 20 años,,,,"['Migrantes', 'Menor de 20 años']",20
P1,A,POBLACIÓN EN CONTROL SEGÚN MÉTODO DE REGULACIÓN DE FERTILIDAD,P1010301,Solo Preservativo MAC - Mujer,COL17,T,20,Migrantes - 20 años y más,Migrantes,20 años y más,,,,"['Migrantes', '20 años y más']",20
P1,A,POBLACIÓN EN CONTROL SEGÚN MÉTODO DE REGULACIÓN DE FERTILIDAD,P1010301,Solo Preservativo MAC - Mujer,COL18,U,21,PV-VIH (personas viviendo con VIH),PV-VIH (personas viviendo con VIH),,,,,['PV-VIH (personas viviendo con VIH)'],20
P1,A,POBLACIÓN EN CONTROL SEGÚN MÉTODO DE REGULACIÓN DE FERTILIDAD,P1010301,Solo Preservativo MAC - Mujer,COL19,V,22,Identidad de Género - Trans Masculino,Identidad de Género,Trans Masculino,,,,"['Identidad de Género', 'Trans Masculino']",20
P1,A,POBLACIÓN EN CONTROL SEGÚN MÉTODO DE REGULACIÓN DE FERTILIDAD,P1010301,Solo Preservativo MAC - Mujer,COL20,W,23,Identidad de Género - Trans Femenino,Identidad de Género,Trans Femenino,,,,"['Identidad de Género', 'Trans Femenino']",20
P1,A,POBLACIÓN EN CONTROL SEGÚN MÉTODO DE REGULACIÓN DE FERTILIDAD,P1010301,Solo Preservativo MAC - Mujer,COL21,X,24,Identidad de Género - No Binarie,Identidad de Género,No Binarie,,,,"['Identidad de Género', 'No Binarie']",20
P1,A,POBLACIÓN EN CONTROL SEGÚN MÉTODO DE REGULACIÓN DE FERTILIDAD,P1010301,Solo Preservativo MAC - Mujer,COL22,Y,25,Personas con Discapacidad,Personas con Discapacidad,,,,,['Personas con Discapacidad'],20
P1,A,POBLACIÓN EN CONTROL SEGÚN MÉTODO DE REGULACIÓN DE FERTILIDAD,P1010302,Solo Preservativo MAC - Hombres,COL01,D,4,TOTAL,TOTAL,,,,,['TOTAL'],21
P1,A,POBLACIÓN EN CONTROL SEGÚN MÉTODO DE REGULACIÓN DE FERTILIDAD,P1010302,Solo Preservativo MAC - Hombres,COL02,E,5,RANGO ETARIO - Menor de 15 años,RANGO ETARIO,Menor de 15 años,,,,"['RANGO ETARIO', 'Menor de 15 años']",21
P1,A,POBLACIÓN EN CONTROL SEGÚN MÉTODO DE REGULACIÓN DE FERTILIDAD,P1010302,Solo Preservativo MAC - Hombres,COL03,F,6,RANGO ETARIO - 15 a 19 años,RANGO ETARIO,15 a 19 años,,,,"['RANGO ETARIO', '15 a 19 años']",21
P1,A,POBLACIÓN EN CONTROL SEGÚN MÉTODO DE REGULACIÓN DE FERTILIDAD,P1010302,Solo Preservativo MAC - Hombres,COL04,G,7,RANGO ETARIO - 20 a 24 años,RANGO ETARIO,20 a 24 años,,,,"['RANGO ETARIO', '20 a 24 años']",21
P1,A,POBLACIÓN EN CONTROL SEGÚN MÉTODO DE REGULACIÓN DE FERTILIDAD,P1010302,Solo Preservativo MAC - Hombres,COL05,H,8,RANGO ETARIO - 25 a 29 años,RANGO ETARIO,25 a 29 años,,,,"['RANGO ETARIO', '25 a 29 años']",21
P1,A,POBLACIÓN EN CONTROL SEGÚN MÉTODO DE REGULACIÓN DE FERTILIDAD,P1010302,Solo Preservativo MAC - Hombres,COL06,I,9,RANGO ETARIO - 30 a 34 años,RANGO ETARIO,30 a 34 años,,,,"['RANGO ETARIO', '30 a 34 años']",21
P1,A,POBLACIÓN EN CONTROL SEGÚN MÉTODO DE REGULACIÓN DE FERTILIDAD,P1010302,Solo Preservativo MAC - Hombres,COL07,J,10,RANGO ETARIO - 35 a 39 años,RANGO ETARIO,35 a 39 años,,,,"['RANGO ETARIO', '35 a 39 años']",21
P1,A,POBLACIÓN EN CONTROL SEGÚN MÉTODO DE REGULACIÓN DE FERTILIDAD,P1010302,Solo Preservativo MAC - Hombres,COL08,K,11,RANGO ETARIO - 40 a 44 años,RANGO ETARIO,40 a 44 años,,,,"['RANGO ETARIO', '40 a 44 años']",21
P1,A,POBLACIÓN EN CONTROL SEGÚN MÉTODO DE REGULACIÓN DE FERTILIDAD,P1010302,Solo Preservativo MAC - Hombres,COL09,L,12,RANGO ETARIO - 45 a 49 años,RANGO ETARIO,45 a 49 años,,,,"['RANGO ETARIO', '45 a 49 años']",21
P1,A,POBLACIÓN EN CONTROL SEGÚN MÉTODO DE REGULACIÓN DE FERTILIDAD,P1010302,Solo Preservativo MAC - Hombres,COL10,M,13,RANGO ETARIO - 50 a 54 años,RANGO ETARIO,50 a 54 años,,,,"['RANGO ETARIO', '50 a 54 años']",21
P1,A,POBLACIÓN EN CONTROL SEGÚN MÉTODO DE REGULACIÓN DE FERTILIDAD,P1010302,Solo Preservativo MAC - Hombres,COL11,N,14,RANGO ETARIO - 55 a 59 años,RANGO ETARIO,55 a 59 años,,,,"['RANGO ETARIO', '55 a 59 años']",21
P1,A,POBLACIÓN EN CONTROL SEGÚN MÉTODO DE REGULACIÓN DE FERTILIDAD,P1010302,Solo Preservativo MAC - Hombres,COL12,O,15,RANGO ETARIO - 60 a 64 años,RANGO ETARIO,60 a 64 años,,,,"['RANGO ETARIO', '60 a 64 años']",21
P1,A,POBLACIÓN EN CONTROL SEGÚN MÉTODO DE REGULACIÓN DE FERTILIDAD,P1010302,Solo Preservativo MAC - Hombres,COL13,P,16,RANGO ETARIO - 65 a 69 años,RANGO ETARIO,65 a 69 años,,,,"['RANGO ETARIO', '65 a 69 años']",21
P1,A,POBLACIÓN EN CONTROL SEGÚN MÉTODO DE REGULACIÓN DE FERTILIDAD,P1010302,Solo Preservativo MAC - Hombres,COL14,Q,17,RANGO ETARIO - 70 y más años,RANGO ETARIO,70 y más años,,,,"['RANGO ETARIO', '70 y más años']",21
P1,A,POBLACIÓN EN CONTROL SEGÚN MÉTODO DE REGULACIÓN DE FERTILIDAD,P1010302,Solo Preservativo MAC - Hombres,COL15,R,18,Pueblos Originarios,Pueblos Originarios,,,,,['Pueblos Originarios'],21
P1,A,POBLACIÓN EN CONTROL SEGÚN MÉTODO DE REGULACIÓN DE FERTILIDAD,P1010302,Solo Preservativo MAC - Hombres,COL16,S,19,Migrantes - Menor de 20 años,Migrantes,Menor de 20 años,,,,"['Migrantes', 'Menor de 20 años']",21
P1,A,POBLACIÓN EN CONTROL SEGÚN MÉTODO DE REGULACIÓN DE FERTILIDAD,P1010302,Solo Preservativo MAC - Hombres,COL17,T,20,Migrantes - 20 años y más,Migrantes,20 años y más,,,,"['Migrantes', '20 años y más']",21
P1,A,POBLACIÓN EN CONTROL SEGÚN MÉTODO DE REGULACIÓN DE FERTILIDAD,P1010302,Solo Preservativo MAC - Hombres,COL18,U,21,PV-VIH (personas viviendo con VIH),PV-VIH (personas viviendo con VIH),,,,,['PV-VIH (personas viviendo con VIH)'],21
P1,A,POBLACIÓN EN CONTROL SEGÚN MÉTODO DE REGULACIÓN DE FERTILIDAD,P1010302,Solo Preservativo MAC - Hombres,COL19,V,22,Identidad de Género - Trans Masculino,Identidad de Género,Trans Masculino,,,,"['Identidad de Género', 'Trans Masculino']",21
P1,A,POBLACIÓN EN CONTROL SEGÚN MÉTODO DE REGULACIÓN DE FERTILIDAD,P1010302,Solo Preservativo MAC - Hombres,COL20,W,23,Identidad de Género - Trans Femenino,Identidad de Género,Trans Femenino,,,,"['Identidad de Género', 'Trans Femenino']",21
P1,A,POBLACIÓN EN CONTROL SEGÚN MÉTODO DE REGULACIÓN DE FERTILIDAD,P1010302,Solo Preservativo MAC - Hombres,COL21,X,24,Identidad de Género - No Binarie,Identidad de Género,No Binarie,,,,"['Identidad de Género', 'No Binarie']",21
P1,A,POBLACIÓN EN CONTROL SEGÚN MÉTODO DE REGULACIÓN DE FERTILIDAD,P1010302,Solo Preservativo MAC - Hombres,COL22,Y,25,Personas con Discapacidad,Personas con Discapacidad,,,,,['Personas con Discapacidad'],21
P1,A,POBLACIÓN EN CONTROL SEGÚN MÉTODO DE REGULACIÓN DE FERTILIDAD,P1200240,Esterilización Quirúrgica - Mujer,COL01,D,4,TOTAL,TOTAL,,,,,['TOTAL'],22
P1,A,POBLACIÓN EN CONTROL SEGÚN MÉTODO DE REGULACIÓN DE FERTILIDAD,P1200240,Esterilización Quirúrgica - Mujer,COL02,E,5,RANGO ETARIO - Menor de 15 años,RANGO ETARIO,Menor de 15 años,,,,"['RANGO ETARIO', 'Menor de 15 años']",22
P1,A,POBLACIÓN EN CONTROL SEGÚN MÉTODO DE REGULACIÓN DE FERTILIDAD,P1200240,Esterilización Quirúrgica - Mujer,COL03,F,6,RANGO ETARIO - 15 a 19 años,RANGO ETARIO,15 a 19 años,,,,"['RANGO ETARIO', '15 a 19 años']",22
P1,A,POBLACIÓN EN CONTROL SEGÚN MÉTODO DE REGULACIÓN DE FERTILIDAD,P1200240,Esterilización Quirúrgica - Mujer,COL04,G,7,RANGO ETARIO - 20 a 24 años,RANGO ETARIO,20 a 24 años,,,,"['RANGO ETARIO', '20 a 24 años']",22
P1,A,POBLACIÓN EN CONTROL SEGÚN MÉTODO DE REGULACIÓN DE FERTILIDAD,P1200240,Esterilización Quirúrgica - Mujer,COL05,H,8,RANGO ETARIO - 25 a 29 años,RANGO ETARIO,25 a 29 años,,,,"['RANGO ETARIO', '25 a 29 años']",22
P1,A,POBLACIÓN EN CONTROL SEGÚN MÉTODO DE REGULACIÓN DE FERTILIDAD,P1200240,Esterilización Quirúrgica - Mujer,COL06,I,9,RANGO ETARIO - 30 a 34 años,RANGO ETARIO,30 a 34 años,,,,"['RANGO ETARIO', '30 a 34 años']",22
P1,A,POBLACIÓN EN CONTROL SEGÚN MÉTODO DE REGULACIÓN DE FERTILIDAD,P1200240,Esterilización Quirúrgica - Mujer,COL07,J,10,RANGO ETARIO - 35 a 39 años,RANGO ETARIO,35 a 39 años,,,,"['RANGO ETARIO', '35 a 39 años']",22
P1,A,POBLACIÓN EN CONTROL SEGÚN MÉTODO DE REGULACIÓN DE FERTILIDAD,P1200240,Esterilización Quirúrgica - Mujer,COL08,K,11,RANGO ETARIO - 40 a 44 años,RANGO ETARIO,40 a 44 años,,,,"['RANGO ETARIO', '40 a 44 años']",22
P1,A,POBLACIÓN EN CONTROL SEGÚN MÉTODO DE REGULACIÓN DE FERTILIDAD,P1200240,Esterilización Quirúrgica - Mujer,COL09,L,12,RANGO ETARIO - 45 a 49 años,RANGO ETARIO,45 a 49 años,,,,"['RANGO ETARIO', '45 a 49 años']",22
P1,A,POBLACIÓN EN CONTROL SEGÚN MÉTODO DE REGULACIÓN DE FERTILIDAD,P1200240,Esterilización Quirúrgica - Mujer,COL10,M,13,RANGO ETARIO - 50 a 54 años,RANGO ETARIO,50 a 54 años,,,,"['RANGO ETARIO', '50 a 54 años']",22
P1,A,POBLACIÓN EN CONTROL SEGÚN MÉTODO DE REGULACIÓN DE FERTILIDAD,P1200240,Esterilización Quirúrgica - Mujer,COL11,N,14,RANGO ETARIO - 55 a 59 años,RANGO ETARIO,55 a 59 años,,,,"['RANGO ETARIO', '55 a 59 años']",22
P1,A,POBLACIÓN EN CONTROL SEGÚN MÉTODO DE REGULACIÓN DE FERTILIDAD,P1200240,Esterilización Quirúrgica - Mujer,COL12,O,15,RANGO ETARIO - 60 a 64 años,RANGO ETARIO,60 a 64 años,,,,"['RANGO ETARIO', '60 a 64 años']",22
P1,A,POBLACIÓN EN CONTROL SEGÚN MÉTODO DE REGULACIÓN DE FERTILIDAD,P1200240,Esterilización Quirúrgica - Mujer,COL13,P,16,RANGO ETARIO - 65 a 69 años,RANGO ETARIO,65 a 69 años,,,,"['RANGO ETARIO', '65 a 69 años']",22
P1,A,POBLACIÓN EN CONTROL SEGÚN MÉTODO DE REGULACIÓN DE FERTILIDAD,P1200240,Esterilización Quirúrgica - Mujer,COL14,Q,17,RANGO ETARIO - 70 y más años,RANGO ETARIO,70 y más años,,,,"['RANGO ETARIO', '70 y más años']",22
P1,A,POBLACIÓN EN CONTROL SEGÚN MÉTODO DE REGULACIÓN DE FERTILIDAD,P1200240,Esterilización Quirúrgica - Mujer,COL15,R,18,Pueblos Originarios,Pueblos Originarios,,,,,['Pueblos Originarios'],22
P1,A,POBLACIÓN EN CONTROL SEGÚN MÉTODO DE REGULACIÓN DE FERTILIDAD,P1200240,Esterilización Quirúrgica - Mujer,COL16,S,19,Migrantes - Menor de 20 años,Migrantes,Menor de 20 años,,,,"['Migrantes', 'Menor de 20 años']",22
P1,A,POBLACIÓN EN CONTROL SEGÚN MÉTODO DE REGULACIÓN DE FERTILIDAD,P1200240,Esterilización Quirúrgica - Mujer,COL17,T,20,Migrantes - 20 años y más,Migrantes,20 años y más,,,,"['Migrantes', '20 años y más']",22
P1,A,POBLACIÓN EN CONTROL SEGÚN MÉTODO DE REGULACIÓN DE FERTILIDAD,P1200240,Esterilización Quirúrgica - Mujer,COL18,U,21,PV-VIH (personas viviendo con VIH),PV-VIH (personas viviendo con VIH),,,,,['PV-VIH (personas viviendo con VIH)'],22
P1,A,POBLACIÓN EN CONTROL SEGÚN MÉTODO DE REGULACIÓN DE FERTILIDAD,P1200240,Esterilización Quirúrgica - Mujer,COL19,V,22,Identidad de Género - Trans Masculino,Identidad de Género,Trans Masculino,,,,"['Identidad de Género', 'Trans Masculino']",22
P1,A,POBLACIÓN EN CONTROL SEGÚN MÉTODO DE REGULACIÓN DE FERTILIDAD,P1200240,Esterilización Quirúrgica - Mujer,COL20,W,23,Identidad de Género - Trans Femenino,Identidad de Género,Trans Femenino,,,,"['Identidad de Género', 'Trans Femenino']",22
P1,A,POBLACIÓN EN CONTROL SEGÚN MÉTODO DE REGULACIÓN DE FERTILIDAD,P1200240,Esterilización Quirúrgica - Mujer,COL21,X,24,Identidad de Género - No Binarie,Identidad de Género,No Binarie,,,,"['Identidad de Género', 'No Binarie']",22
P1,A,POBLACIÓN EN CONTROL SEGÚN MÉTODO DE REGULACIÓN DE FERTILIDAD,P1200240,Esterilización Quirúrgica - Mujer,COL22,Y,25,Personas con Discapacidad,Personas con Discapacidad,,,,,['Personas con Discapacidad'],22
P1,A,POBLACIÓN EN CONTROL SEGÚN MÉTODO DE REGULACIÓN DE FERTILIDAD,P1200250,Esterilización Quirúrgica - Hombres,COL01,D,4,TOTAL,TOTAL,,,,,['TOTAL'],23
P1,A,POBLACIÓN EN CONTROL SEGÚN MÉTODO DE REGULACIÓN DE FERTILIDAD,P1200250,Esterilización Quirúrgica - Hombres,COL02,E,5,RANGO ETARIO - Menor de 15 años,RANGO ETARIO,Menor de 15 años,,,,"['RANGO ETARIO', 'Menor de 15 años']",23
P1,A,POBLACIÓN EN CONTROL SEGÚN MÉTODO DE REGULACIÓN DE FERTILIDAD,P1200250,Esterilización Quirúrgica - Hombres,COL03,F,6,RANGO ETARIO - 15 a 19 años,RANGO ETARIO,15 a 19 años,,,,"['RANGO ETARIO', '15 a 19 años']",23
P1,A,POBLACIÓN EN CONTROL SEGÚN MÉTODO DE REGULACIÓN DE FERTILIDAD,P1200250,Esterilización Quirúrgica - Hombres,COL04,G,7,RANGO ETARIO - 20 a 24 años,RANGO ETARIO,20 a 24 años,,,,"['RANGO ETARIO', '20 a 24 años']",23
P1,A,POBLACIÓN EN CONTROL SEGÚN MÉTODO DE REGULACIÓN DE FERTILIDAD,P1200250,Esterilización Quirúrgica - Hombres,COL05,H,8,RANGO ETARIO - 25 a 29 años,RANGO ETARIO,25 a 29 años,,,,"['RANGO ETARIO', '25 a 29 años']",23
P1,A,POBLACIÓN EN CONTROL SEGÚN MÉTODO DE REGULACIÓN DE FERTILIDAD,P1200250,Esterilización Quirúrgica - Hombres,COL06,I,9,RANGO ETARIO - 30 a 34 años,RANGO ETARIO,30 a 34 años,,,,"['RANGO ETARIO', '30 a 34 años']",23
P1,A,POBLACIÓN EN CONTROL SEGÚN MÉTODO DE REGULACIÓN DE FERTILIDAD,P1200250,Esterilización Quirúrgica - Hombres,COL07,J,10,RANGO ETARIO - 35 a 39 años,RANGO ETARIO,35 a 39 años,,,,"['RANGO ETARIO', '35 a 39 años']",23
P1,A,POBLACIÓN EN CONTROL SEGÚN MÉTODO DE REGULACIÓN DE FERTILIDAD,P1200250,Esterilización Quirúrgica - Hombres,COL08,K,11,RANGO ETARIO - 40 a 44 años,RANGO ETARIO,40 a 44 años,,,,"['RANGO ETARIO', '40 a 44 años']",23
P1,A,POBLACIÓN EN CONTROL SEGÚN MÉTODO DE REGULACIÓN DE FERTILIDAD,P1200250,Esterilización Quirúrgica - Hombres,COL09,L,12,RANGO ETARIO - 45 a 49 años,RANGO ETARIO,45 a 49 años,,,,"['RANGO ETARIO', '45 a 49 años']",23
P1,A,POBLACIÓN EN CONTROL SEGÚN MÉTODO DE REGULACIÓN DE FERTILIDAD,P1200250,Esterilización Quirúrgica - Hombres,COL10,M,13,RANGO ETARIO - 50 a 54 años,RANGO ETARIO,50 a 54 años,,,,"['RANGO ETARIO', '50 a 54 años']",23
P1,A,POBLACIÓN EN CONTROL SEGÚN MÉTODO DE REGULACIÓN DE FERTILIDAD,P1200250,Esterilización Quirúrgica - Hombres,COL11,N,14,RANGO ETARIO - 55 a 59 años,RANGO ETARIO,55 a 59 años,,,,"['RANGO ETARIO', '55 a 59 años']",23
P1,A,POBLACIÓN EN CONTROL SEGÚN MÉTODO DE REGULACIÓN DE FERTILIDAD,P1200250,Esterilización Quirúrgica - Hombres,COL12,O,15,RANGO ETARIO - 60 a 64 años,RANGO ETARIO,60 a 64 años,,,,"['RANGO ETARIO', '60 a 64 años']",23
P1,A,POBLACIÓN EN CONTROL SEGÚN MÉTODO DE REGULACIÓN DE FERTILIDAD,P1200250,Esterilización Quirúrgica - Hombres,COL13,P,16,RANGO ETARIO - 65 a 69 años,RANGO ETARIO,65 a 69 años,,,,"['RANGO ETARIO', '65 a 69 años']",23
P1,A,POBLACIÓN EN CONTROL SEGÚN MÉTODO DE REGULACIÓN DE FERTILIDAD,P1200250,Esterilización Quirúrgica - Hombres,COL14,Q,17,RANGO ETARIO - 70 y más años,RANGO ETARIO,70 y más años,,,,"['RANGO ETARIO', '70 y más años']",23
P1,A,POBLACIÓN EN CONTROL SEGÚN MÉTODO DE REGULACIÓN DE FERTILIDAD,P1200250,Esterilización Quirúrgica - Hombres,COL15,R,18,Pueblos Originarios,Pueblos Originarios,,,,,['Pueblos Originarios'],23
P1,A,POBLACIÓN EN CONTROL SEGÚN MÉTODO DE REGULACIÓN DE FERTILIDAD,P1200250,Esterilización Quirúrgica - Hombres,COL16,S,19,Migrantes - Menor de 20 años,Migrantes,Menor de 20 años,,,,"['Migrantes', 'Menor de 20 años']",23
P1,A,POBLACIÓN EN CONTROL SEGÚN MÉTODO DE REGULACIÓN DE FERTILIDAD,P1200250,Esterilización Quirúrgica - Hombres,COL17,T,20,Migrantes - 20 años y más,Migrantes,20 años y más,,,,"['Migrantes', '20 años y más']",23
P1,A,POBLACIÓN EN CONTROL SEGÚN MÉTODO DE REGULACIÓN DE FERTILIDAD,P1200250,Esterilización Quirúrgica - Hombres,COL18,U,21,PV-VIH (personas viviendo con VIH),PV-VIH (personas viviendo con VIH),,,,,['PV-VIH (personas viviendo con VIH)'],23
P1,A,POBLACIÓN EN CONTROL SEGÚN MÉTODO DE REGULACIÓN DE FERTILIDAD,P1200250,Esterilización Quirúrgica - Hombres,COL19,V,22,Identidad de Género - Trans Masculino,Identidad de Género,Trans Masculino,,,,"['Identidad de Género', 'Trans Masculino']",23
P1,A,POBLACIÓN EN CONTROL SEGÚN MÉTODO DE REGULACIÓN DE FERTILIDAD,P1200250,Esterilización Quirúrgica - Hombres,COL20,W,23,Identidad de Género - Trans Femenino,Identidad de Género,Trans Femenino,,,,"['Identidad de Género', 'Trans Femenino']",23
P1,A,POBLACIÓN EN CONTROL SEGÚN MÉTODO DE REGULACIÓN DE FERTILIDAD,P1200250,Esterilización Quirúrgica - Hombres,COL21,X,24,Identidad de Género - No Binarie,Identidad de Género,No Binarie,,,,"['Identidad de Género', 'No Binarie']",23
P1,A,POBLACIÓN EN CONTROL SEGÚN MÉTODO DE REGULACIÓN DE FERTILIDAD,P1200250,Esterilización Quirúrgica - Hombres,COL22,Y,25,Personas con Discapacidad,Personas con Discapacidad,,,,,['Personas con Discapacidad'],23
P1,A,POBLACIÓN EN CONTROL SEGÚN MÉTODO DE REGULACIÓN DE FERTILIDAD,P1700100,Otro,COL01,D,4,TOTAL,TOTAL,,,,,['TOTAL'],24
P1,A,POBLACIÓN EN CONTROL SEGÚN MÉTODO DE REGULACIÓN DE FERTILIDAD,P1700100,Otro,COL02,E,5,RANGO ETARIO - Menor de 15 años,RANGO ETARIO,Menor de 15 años,,,,"['RANGO ETARIO', 'Menor de 15 años']",24
P1,A,POBLACIÓN EN CONTROL SEGÚN MÉTODO DE REGULACIÓN DE FERTILIDAD,P1700100,Otro,COL03,F,6,RANGO ETARIO - 15 a 19 años,RANGO ETARIO,15 a 19 años,,,,"['RANGO ETARIO', '15 a 19 años']",24
P1,A,POBLACIÓN EN CONTROL SEGÚN MÉTODO DE REGULACIÓN DE FERTILIDAD,P1700100,Otro,COL04,G,7,RANGO ETARIO - 20 a 24 años,RANGO ETARIO,20 a 24 años,,,,"['RANGO ETARIO', '20 a 24 años']",24
P1,A,POBLACIÓN EN CONTROL SEGÚN MÉTODO DE REGULACIÓN DE FERTILIDAD,P1700100,Otro,COL05,H,8,RANGO ETARIO - 25 a 29 años,RANGO ETARIO,25 a 29 años,,,,"['RANGO ETARIO', '25 a 29 años']",24
P1,A,POBLACIÓN EN CONTROL SEGÚN MÉTODO DE REGULACIÓN DE FERTILIDAD,P1700100,Otro,COL06,I,9,RANGO ETARIO - 30 a 34 años,RANGO ETARIO,30 a 34 años,,,,"['RANGO ETARIO', '30 a 34 años']",24
P1,A,POBLACIÓN EN CONTROL SEGÚN MÉTODO DE REGULACIÓN DE FERTILIDAD,P1700100,Otro,COL07,J,10,RANGO ETARIO - 35 a 39 años,RANGO ETARIO,35 a 39 años,,,,"['RANGO ETARIO', '35 a 39 años']",24
P1,A,POBLACIÓN EN CONTROL SEGÚN MÉTODO DE REGULACIÓN DE FERTILIDAD,P1700100,Otro,COL08,K,11,RANGO ETARIO - 40 a 44 años,RANGO ETARIO,40 a 44 años,,,,"['RANGO ETARIO', '40 a 44 años']",24
P1,A,POBLACIÓN EN CONTROL SEGÚN MÉTODO DE REGULACIÓN DE FERTILIDAD,P1700100,Otro,COL09,L,12,RANGO ETARIO - 45 a 49 años,RANGO ETARIO,45 a 49 años,,,,"['RANGO ETARIO', '45 a 49 años']",24
P1,A,POBLACIÓN EN CONTROL SEGÚN MÉTODO DE REGULACIÓN DE FERTILIDAD,P1700100,Otro,COL10,M,13,RANGO ETARIO - 50 a 54 años,RANGO ETARIO,50 a 54 años,,,,"['RANGO ETARIO', '50 a 54 años']",24
P1,A,POBLACIÓN EN CONTROL SEGÚN MÉTODO DE REGULACIÓN DE FERTILIDAD,P1700100,Otro,COL11,N,14,RANGO ETARIO - 55 a 59 años,RANGO ETARIO,55 a 59 años,,,,"['RANGO ETARIO', '55 a 59 años']",24
P1,A,POBLACIÓN EN CONTROL SEGÚN MÉTODO DE REGULACIÓN DE FERTILIDAD,P1700100,Otro,COL12,O,15,RANGO ETARIO - 60 a 64 años,RANGO ETARIO,60 a 64 años,,,,"['RANGO ETARIO', '60 a 64 años']",24
P1,A,POBLACIÓN EN CONTROL SEGÚN MÉTODO DE REGULACIÓN DE FERTILIDAD,P1700100,Otro,COL13,P,16,RANGO ETARIO - 65 a 69 años,RANGO ETARIO,65 a 69 años,,,,"['RANGO ETARIO', '65 a 69 años']",24
P1,A,POBLACIÓN EN CONTROL SEGÚN MÉTODO DE REGULACIÓN DE FERTILIDAD,P1700100,Otro,COL14,Q,17,RANGO ETARIO - 70 y más años,RANGO ETARIO,70 y más años,,,,"['RANGO ETARIO', '70 y más años']",24
P1,A,POBLACIÓN EN CONTROL SEGÚN MÉTODO DE REGULACIÓN DE FERTILIDAD,P1700100,Otro,COL15,R,18,Pueblos Originarios,Pueblos Originarios,,,,,['Pueblos Originarios'],24
P1,A,POBLACIÓN EN CONTROL SEGÚN MÉTODO DE REGULACIÓN DE FERTILIDAD,P1700100,Otro,COL16,S,19,Migrantes - Menor de 20 años,Migrantes,Menor de 20 años,,,,"['Migrantes', 'Menor de 20 años']",24
P1,A,POBLACIÓN EN CONTROL SEGÚN MÉTODO DE REGULACIÓN DE FERTILIDAD,P1700100,Otro,COL17,T,20,Migrantes - 20 años y más,Migrantes,20 años y más,,,,"['Migrantes', '20 años y más']",24
P1,A,POBLACIÓN EN CONTROL SEGÚN MÉTODO DE REGULACIÓN DE FERTILIDAD,P1700100,Otro,COL18,U,21,PV-VIH (personas viviendo con VIH),PV-VIH (personas viviendo con VIH),,,,,['PV-VIH (personas viviendo con VIH)'],24
P1,A,POBLACIÓN EN CONTROL SEGÚN MÉTODO DE REGULACIÓN DE FERTILIDAD,P1700100,Otro,COL19,V,22,Identidad de Género - Trans Masculino,Identidad de Género,Trans Masculino,,,,"['Identidad de Género', 'Trans Masculino']",24
P1,A,POBLACIÓN EN CONTROL SEGÚN MÉTODO DE REGULACIÓN DE FERTILIDAD,P1700100,Otro,COL20,W,23,Identidad de Género - Trans Femenino,Identidad de Género,Trans Femenino,,,,"['Identidad de Género', 'Trans Femenino']",24
P1,A,POBLACIÓN EN CONTROL SEGÚN MÉTODO DE REGULACIÓN DE FERTILIDAD,P1700100,Otro,COL21,X,24,Identidad de Género - No Binarie,Identidad de Género,No Binarie,,,,"['Identidad de Género', 'No Binarie']",24
P1,A,POBLACIÓN EN CONTROL SEGÚN MÉTODO DE REGULACIÓN DE FERTILIDAD,P1700100,Otro,COL22,Y,25,Personas con Discapacidad,Personas con Discapacidad,,,,,['Personas con Discapacidad'],24
P1,A,POBLACIÓN EN CONTROL SEGÚN MÉTODO DE REGULACIÓN DE FERTILIDAD,P1060010,Mujeres en control con enfermedad cardiovascular (DM-HTA),COL01,D,4,TOTAL,TOTAL,,,,,['TOTAL'],26
P1,A,POBLACIÓN EN CONTROL SEGÚN MÉTODO DE REGULACIÓN DE FERTILIDAD,P1060010,Mujeres en control con enfermedad cardiovascular (DM-HTA),COL02,E,5,RANGO ETARIO - Menor de 15 años,RANGO ETARIO,Menor de 15 años,,,,"['RANGO ETARIO', 'Menor de 15 años']",26
P1,A,POBLACIÓN EN CONTROL SEGÚN MÉTODO DE REGULACIÓN DE FERTILIDAD,P1060010,Mujeres en control con enfermedad cardiovascular (DM-HTA),COL03,F,6,RANGO ETARIO - 15 a 19 años,RANGO ETARIO,15 a 19 años,,,,"['RANGO ETARIO', '15 a 19 años']",26
P1,A,POBLACIÓN EN CONTROL SEGÚN MÉTODO DE REGULACIÓN DE FERTILIDAD,P1060010,Mujeres en control con enfermedad cardiovascular (DM-HTA),COL04,G,7,RANGO ETARIO - 20 a 24 años,RANGO ETARIO,20 a 24 años,,,,"['RANGO ETARIO', '20 a 24 años']",26
P1,A,POBLACIÓN EN CONTROL SEGÚN MÉTODO DE REGULACIÓN DE FERTILIDAD,P1060010,Mujeres en control con enfermedad cardiovascular (DM-HTA),COL05,H,8,RANGO ETARIO - 25 a 29 años,RANGO ETARIO,25 a 29 años,,,,"['RANGO ETARIO', '25 a 29 años']",26
P1,A,POBLACIÓN EN CONTROL SEGÚN MÉTODO DE REGULACIÓN DE FERTILIDAD,P1060010,Mujeres en control con enfermedad cardiovascular (DM-HTA),COL06,I,9,RANGO ETARIO - 30 a 34 años,RANGO ETARIO,30 a 34 años,,,,"['RANGO ETARIO', '30 a 34 años']",26
P1,A,POBLACIÓN EN CONTROL SEGÚN MÉTODO DE REGULACIÓN DE FERTILIDAD,P1060010,Mujeres en control con enfermedad cardiovascular (DM-HTA),COL07,J,10,RANGO ETARIO - 35 a 39 años,RANGO ETARIO,35 a 39 años,,,,"['RANGO ETARIO', '35 a 39 años']",26
P1,A,POBLACIÓN EN CONTROL SEGÚN MÉTODO DE REGULACIÓN DE FERTILIDAD,P1060010,Mujeres en control con enfermedad cardiovascular (DM-HTA),COL08,K,11,RANGO ETARIO - 40 a 44 años,RANGO ETARIO,40 a 44 años,,,,"['RANGO ETARIO', '40 a 44 años']",26
P1,A,POBLACIÓN EN CONTROL SEGÚN MÉTODO DE REGULACIÓN DE FERTILIDAD,P1060010,Mujeres en control con enfermedad cardiovascular (DM-HTA),COL09,L,12,RANGO ETARIO - 45 a 49 años,RANGO ETARIO,45 a 49 años,,,,"['RANGO ETARIO', '45 a 49 años']",26
P1,A,POBLACIÓN EN CONTROL SEGÚN MÉTODO DE REGULACIÓN DE FERTILIDAD,P1060010,Mujeres en control con enfermedad cardiovascular (DM-HTA),COL10,M,13,RANGO ETARIO - 50 a 54 años,RANGO ETARIO,50 a 54 años,,,,"['RANGO ETARIO', '50 a 54 años']",26
P1,A,POBLACIÓN EN CONTROL SEGÚN MÉTODO DE REGULACIÓN DE FERTILIDAD,P1060010,Mujeres en control con enfermedad cardiovascular (DM-HTA),COL11,N,14,RANGO ETARIO - 55 a 59 años,RANGO ETARIO,55 a 59 años,,,,"['RANGO ETARIO', '55 a 59 años']",26
P1,A,POBLACIÓN EN CONTROL SEGÚN MÉTODO DE REGULACIÓN DE FERTILIDAD,P1060010,Mujeres en control con enfermedad cardiovascular (DM-HTA),COL12,O,15,RANGO ETARIO - 60 a 64 años,RANGO ETARIO,60 a 64 años,,,,"['RANGO ETARIO', '60 a 64 años']",26
P1,A,POBLACIÓN EN CONTROL SEGÚN MÉTODO DE REGULACIÓN DE FERTILIDAD,P1060010,Mujeres en control con enfermedad cardiovascular (DM-HTA),COL13,P,16,RANGO ETARIO - 65 a 69 años,RANGO ETARIO,65 a 69 años,,,,"['RANGO ETARIO', '65 a 69 años']",26
P1,A,POBLACIÓN EN CONTROL SEGÚN MÉTODO DE REGULACIÓN DE FERTILIDAD,P1060010,Mujeres en control con enfermedad cardiovascular (DM-HTA),COL14,Q,17,RANGO ETARIO - 70 y más años,RANGO ETARIO,70 y más años,,,,"['RANGO ETARIO', '70 y más años']",26
P1,A,POBLACIÓN EN CONTROL SEGÚN MÉTODO DE REGULACIÓN DE FERTILIDAD,P1060010,Mujeres en control con enfermedad cardiovascular (DM-HTA),COL15,R,18,Pueblos Originarios,Pueblos Originarios,,,,,['Pueblos Originarios'],26
P1,A,POBLACIÓN EN CONTROL SEGÚN MÉTODO DE REGULACIÓN DE FERTILIDAD,P1060010,Mujeres en control con enfermedad cardiovascular (DM-HTA),COL16,S,19,Migrantes - Menor de 20 años,Migrantes,Menor de 20 años,,,,"['Migrantes', 'Menor de 20 años']",26
P1,A,POBLACIÓN EN CONTROL SEGÚN MÉTODO DE REGULACIÓN DE FERTILIDAD,P1060010,Mujeres en control con enfermedad cardiovascular (DM-HTA),COL17,T,20,Migrantes - 20 años y más,Migrantes,20 años y más,,,,"['Migrantes', '20 años y más']",26
P1,A,POBLACIÓN EN CONTROL SEGÚN MÉTODO DE REGULACIÓN DE FERTILIDAD,P1060010,Mujeres en control con enfermedad cardiovascular (DM-HTA),COL18,U,21,PV-VIH (personas viviendo con VIH),PV-VIH (personas viviendo con VIH),,,,,['PV-VIH (personas viviendo con VIH)'],26
P1,A,POBLACIÓN EN CONTROL SEGÚN MÉTODO DE REGULACIÓN DE FERTILIDAD,P1060010,Mujeres en control con enfermedad cardiovascular (DM-HTA),COL19,V,22,Identidad de Género - Trans Masculino,Identidad de Género,Trans Masculino,,,,"['Identidad de Género', 'Trans Masculino']",26
P1,A,POBLACIÓN EN CONTROL SEGÚN MÉTODO DE REGULACIÓN DE FERTILIDAD,P1060010,Mujeres en control con enfermedad cardiovascular (DM-HTA),COL20,W,23,Identidad de Género - Trans Femenino,Identidad de Género,Trans Femenino,,,,"['Identidad de Género', 'Trans Femenino']",26
P1,A,POBLACIÓN EN CONTROL SEGÚN MÉTODO DE REGULACIÓN DE FERTILIDAD,P1060010,Mujeres en control con enfermedad cardiovascular (DM-HTA),COL21,X,24,Identidad de Género - No Binarie,Identidad de Género,No Binarie,,,,"['Identidad de Género', 'No Binarie']",26
P1,A,POBLACIÓN EN CONTROL SEGÚN MÉTODO DE REGULACIÓN DE FERTILIDAD,P1060010,Mujeres en control con enfermedad cardiovascular (DM-HTA),COL22,Y,25,Personas con Discapacidad,Personas con Discapacidad,,,,,['Personas con Discapacidad'],26
P1,A,POBLACIÓN EN CONTROL SEGÚN MÉTODO DE REGULACIÓN DE FERTILIDAD,P1600106,Mujeres con Retiro de Implante Anticipado en el semestre (antes de los 3 años) - En APS,COL01,D,4,TOTAL,TOTAL,,,,,['TOTAL'],27
P1,A,POBLACIÓN EN CONTROL SEGÚN MÉTODO DE REGULACIÓN DE FERTILIDAD,P1600106,Mujeres con Retiro de Implante Anticipado en el semestre (antes de los 3 años) - En APS,COL02,E,5,RANGO ETARIO - Menor de 15 años,RANGO ETARIO,Menor de 15 años,,,,"['RANGO ETARIO', 'Menor de 15 años']",27
P1,A,POBLACIÓN EN CONTROL SEGÚN MÉTODO DE REGULACIÓN DE FERTILIDAD,P1600106,Mujeres con Retiro de Implante Anticipado en el semestre (antes de los 3 años) - En APS,COL03,F,6,RANGO ETARIO - 15 a 19 años,RANGO ETARIO,15 a 19 años,,,,"['RANGO ETARIO', '15 a 19 años']",27
P1,A,POBLACIÓN EN CONTROL SEGÚN MÉTODO DE REGULACIÓN DE FERTILIDAD,P1600106,Mujeres con Retiro de Implante Anticipado en el semestre (antes de los 3 años) - En APS,COL04,G,7,RANGO ETARIO - 20 a 24 años,RANGO ETARIO,20 a 24 años,,,,"['RANGO ETARIO', '20 a 24 años']",27
P1,A,POBLACIÓN EN CONTROL SEGÚN MÉTODO DE REGULACIÓN DE FERTILIDAD,P1600106,Mujeres con Retiro de Implante Anticipado en el semestre (antes de los 3 años) - En APS,COL05,H,8,RANGO ETARIO - 25 a 29 años,RANGO ETARIO,25 a 29 años,,,,"['RANGO ETARIO', '25 a 29 años']",27
P1,A,POBLACIÓN EN CONTROL SEGÚN MÉTODO DE REGULACIÓN DE FERTILIDAD,P1600106,Mujeres con Retiro de Implante Anticipado en el semestre (antes de los 3 años) - En APS,COL06,I,9,RANGO ETARIO - 30 a 34 años,RANGO ETARIO,30 a 34 años,,,,"['RANGO ETARIO', '30 a 34 años']",27
P1,A,POBLACIÓN EN CONTROL SEGÚN MÉTODO DE REGULACIÓN DE FERTILIDAD,P1600106,Mujeres con Retiro de Implante Anticipado en el semestre (antes de los 3 años) - En APS,COL07,J,10,RANGO ETARIO - 35 a 39 años,RANGO ETARIO,35 a 39 años,,,,"['RANGO ETARIO', '35 a 39 años']",27
P1,A,POBLACIÓN EN CONTROL SEGÚN MÉTODO DE REGULACIÓN DE FERTILIDAD,P1600106,Mujeres con Retiro de Implante Anticipado en el semestre (antes de los 3 años) - En APS,COL08,K,11,RANGO ETARIO - 40 a 44 años,RANGO ETARIO,40 a 44 años,,,,"['RANGO ETARIO', '40 a 44 años']",27
P1,A,POBLACIÓN EN CONTROL SEGÚN MÉTODO DE REGULACIÓN DE FERTILIDAD,P1600106,Mujeres con Retiro de Implante Anticipado en el semestre (antes de los 3 años) - En APS,COL09,L,12,RANGO ETARIO - 45 a 49 años,RANGO ETARIO,45 a 49 años,,,,"['RANGO ETARIO', '45 a 49 años']",27
P1,A,POBLACIÓN EN CONTROL SEGÚN MÉTODO DE REGULACIÓN DE FERTILIDAD,P1600106,Mujeres con Retiro de Implante Anticipado en el semestre (antes de los 3 años) - En APS,COL10,M,13,RANGO ETARIO - 50 a 54 años,RANGO ETARIO,50 a 54 años,,,,"['RANGO ETARIO', '50 a 54 años']",27
P1,A,POBLACIÓN EN CONTROL SEGÚN MÉTODO DE REGULACIÓN DE FERTILIDAD,P1600106,Mujeres con Retiro de Implante Anticipado en el semestre (antes de los 3 años) - En APS,COL11,N,14,RANGO ETARIO - 55 a 59 años,RANGO ETARIO,55 a 59 años,,,,"['RANGO ETARIO', '55 a 59 años']",27
P1,A,POBLACIÓN EN CONTROL SEGÚN MÉTODO DE REGULACIÓN DE FERTILIDAD,P1600106,Mujeres con Retiro de Implante Anticipado en el semestre (antes de los 3 años) - En APS,COL12,O,15,RANGO ETARIO - 60 a 64 años,RANGO ETARIO,60 a 64 años,,,,"['RANGO ETARIO', '60 a 64 años']",27
P1,A,POBLACIÓN EN CONTROL SEGÚN MÉTODO DE REGULACIÓN DE FERTILIDAD,P1600106,Mujeres con Retiro de Implante Anticipado en el semestre (antes de los 3 años) - En APS,COL13,P,16,RANGO ETARIO - 65 a 69 años,RANGO ETARIO,65 a 69 años,,,,"['RANGO ETARIO', '65 a 69 años']",27
P1,A,POBLACIÓN EN CONTROL SEGÚN MÉTODO DE REGULACIÓN DE FERTILIDAD,P1600106,Mujeres con Retiro de Implante Anticipado en el semestre (antes de los 3 años) - En APS,COL14,Q,17,RANGO ETARIO - 70 y más años,RANGO ETARIO,70 y más años,,,,"['RANGO ETARIO', '70 y más años']",27
P1,A,POBLACIÓN EN CONTROL SEGÚN MÉTODO DE REGULACIÓN DE FERTILIDAD,P1600106,Mujeres con Retiro de Implante Anticipado en el semestre (antes de los 3 años) - En APS,COL15,R,18,Pueblos Originarios,Pueblos Originarios,,,,,['Pueblos Originarios'],27
P1,A,POBLACIÓN EN CONTROL SEGÚN MÉTODO DE REGULACIÓN DE FERTILIDAD,P1600106,Mujeres con Retiro de Implante Anticipado en el semestre (antes de los 3 años) - En APS,COL16,S,19,Migrantes - Menor de 20 años,Migrantes,Menor de 20 años,,,,"['Migrantes', 'Menor de 20 años']",27
P1,A,POBLACIÓN EN CONTROL SEGÚN MÉTODO DE REGULACIÓN DE FERTILIDAD,P1600106,Mujeres con Retiro de Implante Anticipado en el semestre (antes de los 3 años) - En APS,COL17,T,20,Migrantes - 20 años y más,Migrantes,20 años y más,,,,"['Migrantes', '20 años y más']",27
P1,A,POBLACIÓN EN CONTROL SEGÚN MÉTODO DE REGULACIÓN DE FERTILIDAD,P1600106,Mujeres con Retiro de Implante Anticipado en el semestre (antes de los 3 años) - En APS,COL18,U,21,PV-VIH (personas viviendo con VIH),PV-VIH (personas viviendo con VIH),,,,,['PV-VIH (personas viviendo con VIH)'],27
P1,A,POBLACIÓN EN CONTROL SEGÚN MÉTODO DE REGULACIÓN DE FERTILIDAD,P1600106,Mujeres con Retiro de Implante Anticipado en el semestre (antes de los 3 años) - En APS,COL19,V,22,Identidad de Género - Trans Masculino,Identidad de Género,Trans Masculino,,,,"['Identidad de Género', 'Trans Masculino']",27
P1,A,POBLACIÓN EN CONTROL SEGÚN MÉTODO DE REGULACIÓN DE FERTILIDAD,P1600106,Mujeres con Retiro de Implante Anticipado en el semestre (antes de los 3 años) - En APS,COL20,W,23,Identidad de Género - Trans Femenino,Identidad de Género,Trans Femenino,,,,"['Identidad de Género', 'Trans Femenino']",27
P1,A,POBLACIÓN EN CONTROL SEGÚN MÉTODO DE REGULACIÓN DE FERTILIDAD,P1600106,Mujeres con Retiro de Implante Anticipado en el semestre (antes de los 3 años) - En APS,COL21,X,24,Identidad de Género - No Binarie,Identidad de Género,No Binarie,,,,"['Identidad de Género', 'No Binarie']",27
P1,A,POBLACIÓN EN CONTROL SEGÚN MÉTODO DE REGULACIÓN DE FERTILIDAD,P1600106,Mujeres con Retiro de Implante Anticipado en el semestre (antes de los 3 años) - En APS,COL22,Y,25,Personas con Discapacidad,Personas con Discapacidad,,,,,['Personas con Discapacidad'],27
P1,A,POBLACIÓN EN CONTROL SEGÚN MÉTODO DE REGULACIÓN DE FERTILIDAD,P1600107,Mujeres con Retiro de Implante Anticipado en el semestre (antes de los 3 años) - En Extrasistema,COL01,D,4,TOTAL,TOTAL,,,,,['TOTAL'],28
P1,A,POBLACIÓN EN CONTROL SEGÚN MÉTODO DE REGULACIÓN DE FERTILIDAD,P1600107,Mujeres con Retiro de Implante Anticipado en el semestre (antes de los 3 años) - En Extrasistema,COL02,E,5,RANGO ETARIO - Menor de 15 años,RANGO ETARIO,Menor de 15 años,,,,"['RANGO ETARIO', 'Menor de 15 años']",28
P1,A,POBLACIÓN EN CONTROL SEGÚN MÉTODO DE REGULACIÓN DE FERTILIDAD,P1600107,Mujeres con Retiro de Implante Anticipado en el semestre (antes de los 3 años) - En Extrasistema,COL03,F,6,RANGO ETARIO - 15 a 19 años,RANGO ETARIO,15 a 19 años,,,,"['RANGO ETARIO', '15 a 19 años']",28
P1,A,POBLACIÓN EN CONTROL SEGÚN MÉTODO DE REGULACIÓN DE FERTILIDAD,P1600107,Mujeres con Retiro de Implante Anticipado en el semestre (antes de los 3 años) - En Extrasistema,COL04,G,7,RANGO ETARIO - 20 a 24 años,RANGO ETARIO,20 a 24 años,,,,"['RANGO ETARIO', '20 a 24 años']",28
P1,A,POBLACIÓN EN CONTROL SEGÚN MÉTODO DE REGULACIÓN DE FERTILIDAD,P1600107,Mujeres con Retiro de Implante Anticipado en el semestre (antes de los 3 años) - En Extrasistema,COL05,H,8,RANGO ETARIO - 25 a 29 años,RANGO ETARIO,25 a 29 años,,,,"['RANGO ETARIO', '25 a 29 años']",28
P1,A,POBLACIÓN EN CONTROL SEGÚN MÉTODO DE REGULACIÓN DE FERTILIDAD,P1600107,Mujeres con Retiro de Implante Anticipado en el semestre (antes de los 3 años) - En Extrasistema,COL06,I,9,RANGO ETARIO - 30 a 34 años,RANGO ETARIO,30 a 34 años,,,,"['RANGO ETARIO', '30 a 34 años']",28
P1,A,POBLACIÓN EN CONTROL SEGÚN MÉTODO DE REGULACIÓN DE FERTILIDAD,P1600107,Mujeres con Retiro de Implante Anticipado en el semestre (antes de los 3 años) - En Extrasistema,COL07,J,10,RANGO ETARIO - 35 a 39 años,RANGO ETARIO,35 a 39 años,,,,"['RANGO ETARIO', '35 a 39 años']",28
P1,A,POBLACIÓN EN CONTROL SEGÚN MÉTODO DE REGULACIÓN DE FERTILIDAD,P1600107,Mujeres con Retiro de Implante Anticipado en el semestre (antes de los 3 años) - En Extrasistema,COL08,K,11,RANGO ETARIO - 40 a 44 años,RANGO ETARIO,40 a 44 años,,,,"['RANGO ETARIO', '40 a 44 años']",28
P1,A,POBLACIÓN EN CONTROL SEGÚN MÉTODO DE REGULACIÓN DE FERTILIDAD,P1600107,Mujeres con Retiro de Implante Anticipado en el semestre (antes de los 3 años) - En Extrasistema,COL09,L,12,RANGO ETARIO - 45 a 49 años,RANGO ETARIO,45 a 49 años,,,,"['RANGO ETARIO', '45 a 49 años']",28
P1,A,POBLACIÓN EN CONTROL SEGÚN MÉTODO DE REGULACIÓN DE FERTILIDAD,P1600107,Mujeres con Retiro de Implante Anticipado en el semestre (antes de los 3 años) - En Extrasistema,COL10,M,13,RANGO ETARIO - 50 a 54 años,RANGO ETARIO,50 a 54 años,,,,"['RANGO ETARIO', '50 a 54 años']",28
P1,A,POBLACIÓN EN CONTROL SEGÚN MÉTODO DE REGULACIÓN DE FERTILIDAD,P1600107,Mujeres con Retiro de Implante Anticipado en el semestre (antes de los 3 años) - En Extrasistema,COL11,N,14,RANGO ETARIO - 55 a 59 años,RANGO ETARIO,55 a 59 años,,,,"['RANGO ETARIO', '55 a 59 años']",28
P1,A,POBLACIÓN EN CONTROL SEGÚN MÉTODO DE REGULACIÓN DE FERTILIDAD,P1600107,Mujeres con Retiro de Implante Anticipado en el semestre (antes de los 3 años) - En Extrasistema,COL12,O,15,RANGO ETARIO - 60 a 64 años,RANGO ETARIO,60 a 64 años,,,,"['RANGO ETARIO', '60 a 64 años']",28
P1,A,POBLACIÓN EN CONTROL SEGÚN MÉTODO DE REGULACIÓN DE FERTILIDAD,P1600107,Mujeres con Retiro de Implante Anticipado en el semestre (antes de los 3 años) - En Extrasistema,COL13,P,16,RANGO ETARIO - 65 a 69 años,RANGO ETARIO,65 a 69 años,,,,"['RANGO ETARIO', '65 a 69 años']",28
P1,A,POBLACIÓN EN CONTROL SEGÚN MÉTODO DE REGULACIÓN DE FERTILIDAD,P1600107,Mujeres con Retiro de Implante Anticipado en el semestre (antes de los 3 años) - En Extrasistema,COL14,Q,17,RANGO ETARIO - 70 y más años,RANGO ETARIO,70 y más años,,,,"['RANGO ETARIO', '70 y más años']",28
P1,A,POBLACIÓN EN CONTROL SEGÚN MÉTODO DE REGULACIÓN DE FERTILIDAD,P1600107,Mujeres con Retiro de Implante Anticipado en el semestre (antes de los 3 años) - En Extrasistema,COL15,R,18,Pueblos Originarios,Pueblos Originarios,,,,,['Pueblos Originarios'],28
P1,A,POBLACIÓN EN CONTROL SEGÚN MÉTODO DE REGULACIÓN DE FERTILIDAD,P1600107,Mujeres con Retiro de Implante Anticipado en el semestre (antes de los 3 años) - En Extrasistema,COL16,S,19,Migrantes - Menor de 20 años,Migrantes,Menor de 20 años,,,,"['Migrantes', 'Menor de 20 años']",28
P1,A,POBLACIÓN EN CONTROL SEGÚN MÉTODO DE REGULACIÓN DE FERTILIDAD,P1600107,Mujeres con Retiro de Implante Anticipado en el semestre (antes de los 3 años) - En Extrasistema,COL17,T,20,Migrantes - 20 años y más,Migrantes,20 años y más,,,,"['Migrantes', '20 años y más']",28
P1,A,POBLACIÓN EN CONTROL SEGÚN MÉTODO DE REGULACIÓN DE FERTILIDAD,P1600107,Mujeres con Retiro de Implante Anticipado en el semestre (antes de los 3 años) - En Extrasistema,COL18,U,21,PV-VIH (personas viviendo con VIH),PV-VIH (personas viviendo con VIH),,,,,['PV-VIH (personas viviendo con VIH)'],28
P1,A,POBLACIÓN EN CONTROL SEGÚN MÉTODO DE REGULACIÓN DE FERTILIDAD,P1600107,Mujeres con Retiro de Implante Anticipado en el semestre (antes de los 3 años) - En Extrasistema,COL19,V,22,Identidad de Género - Trans Masculino,Identidad de Género,Trans Masculino,,,,"['Identidad de Género', 'Trans Masculino']",28
P1,A,POBLACIÓN EN CONTROL SEGÚN MÉTODO DE REGULACIÓN DE FERTILIDAD,P1600107,Mujeres con Retiro de Implante Anticipado en el semestre (antes de los 3 años) - En Extrasistema,COL20,W,23,Identidad de Género - Trans Femenino,Identidad de Género,Trans Femenino,,,,"['Identidad de Género', 'Trans Femenino']",28
P1,A,POBLACIÓN EN CONTROL SEGÚN MÉTODO DE REGULACIÓN DE FERTILIDAD,P1600107,Mujeres con Retiro de Implante Anticipado en el semestre (antes de los 3 años) - En Extrasistema,COL21,X,24,Identidad de Género - No Binarie,Identidad de Género,No Binarie,,,,"['Identidad de Género', 'No Binarie']",28
P1,A,POBLACIÓN EN CONTROL SEGÚN MÉTODO DE REGULACIÓN DE FERTILIDAD,P1600107,Mujeres con Retiro de Implante Anticipado en el semestre (antes de los 3 años) - En Extrasistema,COL22,Y,25,Personas con Discapacidad,Personas con Discapacidad,,,,,['Personas con Discapacidad'],28
P1,A,POBLACIÓN EN CONTROL SEGÚN MÉTODO DE REGULACIÓN DE FERTILIDAD,P1600108,Mujeres con Retiro de Implante Anticipado en el semestre (antes de los 5 años) - En APS,COL01,D,4,TOTAL,TOTAL,,,,,['TOTAL'],29
P1,A,POBLACIÓN EN CONTROL SEGÚN MÉTODO DE REGULACIÓN DE FERTILIDAD,P1600108,Mujeres con Retiro de Implante Anticipado en el semestre (antes de los 5 años) - En APS,COL02,E,5,RANGO ETARIO - Menor de 15 años,RANGO ETARIO,Menor de 15 años,,,,"['RANGO ETARIO', 'Menor de 15 años']",29
P1,A,POBLACIÓN EN CONTROL SEGÚN MÉTODO DE REGULACIÓN DE FERTILIDAD,P1600108,Mujeres con Retiro de Implante Anticipado en el semestre (antes de los 5 años) - En APS,COL03,F,6,RANGO ETARIO - 15 a 19 años,RANGO ETARIO,15 a 19 años,,,,"['RANGO ETARIO', '15 a 19 años']",29
P1,A,POBLACIÓN EN CONTROL SEGÚN MÉTODO DE REGULACIÓN DE FERTILIDAD,P1600108,Mujeres con Retiro de Implante Anticipado en el semestre (antes de los 5 años) - En APS,COL04,G,7,RANGO ETARIO - 20 a 24 años,RANGO ETARIO,20 a 24 años,,,,"['RANGO ETARIO', '20 a 24 años']",29
P1,A,POBLACIÓN EN CONTROL SEGÚN MÉTODO DE REGULACIÓN DE FERTILIDAD,P1600108,Mujeres con Retiro de Implante Anticipado en el semestre (antes de los 5 años) - En APS,COL05,H,8,RANGO ETARIO - 25 a 29 años,RANGO ETARIO,25 a 29 años,,,,"['RANGO ETARIO', '25 a 29 años']",29
P1,A,POBLACIÓN EN CONTROL SEGÚN MÉTODO DE REGULACIÓN DE FERTILIDAD,P1600108,Mujeres con Retiro de Implante Anticipado en el semestre (antes de los 5 años) - En APS,COL06,I,9,RANGO ETARIO - 30 a 34 años,RANGO ETARIO,30 a 34 años,,,,"['RANGO ETARIO', '30 a 34 años']",29
P1,A,POBLACIÓN EN CONTROL SEGÚN MÉTODO DE REGULACIÓN DE FERTILIDAD,P1600108,Mujeres con Retiro de Implante Anticipado en el semestre (antes de los 5 años) - En APS,COL07,J,10,RANGO ETARIO - 35 a 39 años,RANGO ETARIO,35 a 39 años,,,,"['RANGO ETARIO', '35 a 39 años']",29
P1,A,POBLACIÓN EN CONTROL SEGÚN MÉTODO DE REGULACIÓN DE FERTILIDAD,P1600108,Mujeres con Retiro de Implante Anticipado en el semestre (antes de los 5 años) - En APS,COL08,K,11,RANGO ETARIO - 40 a 44 años,RANGO ETARIO,40 a 44 años,,,,"['RANGO ETARIO', '40 a 44 años']",29
P1,A,POBLACIÓN EN CONTROL SEGÚN MÉTODO DE REGULACIÓN DE FERTILIDAD,P1600108,Mujeres con Retiro de Implante Anticipado en el semestre (antes de los 5 años) - En APS,COL09,L,12,RANGO ETARIO - 45 a 49 años,RANGO ETARIO,45 a 49 años,,,,"['RANGO ETARIO', '45 a 49 años']",29
P1,A,POBLACIÓN EN CONTROL SEGÚN MÉTODO DE REGULACIÓN DE FERTILIDAD,P1600108,Mujeres con Retiro de Implante Anticipado en el semestre (antes de los 5 años) - En APS,COL10,M,13,RANGO ETARIO - 50 a 54 años,RANGO ETARIO,50 a 54 años,,,,"['RANGO ETARIO', '50 a 54 años']",29
P1,A,POBLACIÓN EN CONTROL SEGÚN MÉTODO DE REGULACIÓN DE FERTILIDAD,P1600108,Mujeres con Retiro de Implante Anticipado en el semestre (antes de los 5 años) - En APS,COL11,N,14,RANGO ETARIO - 55 a 59 años,RANGO ETARIO,55 a 59 años,,,,"['RANGO ETARIO', '55 a 59 años']",29
P1,A,POBLACIÓN EN CONTROL SEGÚN MÉTODO DE REGULACIÓN DE FERTILIDAD,P1600108,Mujeres con Retiro de Implante Anticipado en el semestre (antes de los 5 años) - En APS,COL12,O,15,RANGO ETARIO - 60 a 64 años,RANGO ETARIO,60 a 64 años,,,,"['RANGO ETARIO', '60 a 64 años']",29
P1,A,POBLACIÓN EN CONTROL SEGÚN MÉTODO DE REGULACIÓN DE FERTILIDAD,P1600108,Mujeres con Retiro de Implante Anticipado en el semestre (antes de los 5 años) - En APS,COL13,P,16,RANGO ETARIO - 65 a 69 años,RANGO ETARIO,65 a 69 años,,,,"['RANGO ETARIO', '65 a 69 años']",29
P1,A,POBLACIÓN EN CONTROL SEGÚN MÉTODO DE REGULACIÓN DE FERTILIDAD,P1600108,Mujeres con Retiro de Implante Anticipado en el semestre (antes de los 5 años) - En APS,COL14,Q,17,RANGO ETARIO - 70 y más años,RANGO ETARIO,70 y más años,,,,"['RANGO ETARIO', '70 y más años']",29
P1,A,POBLACIÓN EN CONTROL SEGÚN MÉTODO DE REGULACIÓN DE FERTILIDAD,P1600108,Mujeres con Retiro de Implante Anticipado en el semestre (antes de los 5 años) - En APS,COL15,R,18,Pueblos Originarios,Pueblos Originarios,,,,,['Pueblos Originarios'],29
P1,A,POBLACIÓN EN CONTROL SEGÚN MÉTODO DE REGULACIÓN DE FERTILIDAD,P1600108,Mujeres con Retiro de Implante Anticipado en el semestre (antes de los 5 años) - En APS,COL16,S,19,Migrantes - Menor de 20 años,Migrantes,Menor de 20 años,,,,"['Migrantes', 'Menor de 20 años']",29
P1,A,POBLACIÓN EN CONTROL SEGÚN MÉTODO DE REGULACIÓN DE FERTILIDAD,P1600108,Mujeres con Retiro de Implante Anticipado en el semestre (antes de los 5 años) - En APS,COL17,T,20,Migrantes - 20 años y más,Migrantes,20 años y más,,,,"['Migrantes', '20 años y más']",29
P1,A,POBLACIÓN EN CONTROL SEGÚN MÉTODO DE REGULACIÓN DE FERTILIDAD,P1600108,Mujeres con Retiro de Implante Anticipado en el semestre (antes de los 5 años) - En APS,COL18,U,21,PV-VIH (personas viviendo con VIH),PV-VIH (personas viviendo con VIH),,,,,['PV-VIH (personas viviendo con VIH)'],29
P1,A,POBLACIÓN EN CONTROL SEGÚN MÉTODO DE REGULACIÓN DE FERTILIDAD,P1600108,Mujeres con Retiro de Implante Anticipado en el semestre (antes de los 5 años) - En APS,COL19,V,22,Identidad de Género - Trans Masculino,Identidad de Género,Trans Masculino,,,,"['Identidad de Género', 'Trans Masculino']",29
P1,A,POBLACIÓN EN CONTROL SEGÚN MÉTODO DE REGULACIÓN DE FERTILIDAD,P1600108,Mujeres con Retiro de Implante Anticipado en el semestre (antes de los 5 años) - En APS,COL20,W,23,Identidad de Género - Trans Femenino,Identidad de Género,Trans Femenino,,,,"['Identidad de Género', 'Trans Femenino']",29
P1,A,POBLACIÓN EN CONTROL SEGÚN MÉTODO DE REGULACIÓN DE FERTILIDAD,P1600108,Mujeres con Retiro de Implante Anticipado en el semestre (antes de los 5 años) - En APS,COL21,X,24,Identidad de Género - No Binarie,Identidad de Género,No Binarie,,,,"['Identidad de Género', 'No Binarie']",29
P1,A,POBLACIÓN EN CONTROL SEGÚN MÉTODO DE REGULACIÓN DE FERTILIDAD,P1600108,Mujeres con Retiro de Implante Anticipado en el semestre (antes de los 5 años) - En APS,COL22,Y,25,Personas con Discapacidad,Personas con Discapacidad,,,,,['Personas con Discapacidad'],29
P1,A,POBLACIÓN EN CONTROL SEGÚN MÉTODO DE REGULACIÓN DE FERTILIDAD,P1600109,Mujeres con Retiro de Implante Anticipado en el semestre (antes de los 5 años) - En Extrasistema,COL01,D,4,TOTAL,TOTAL,,,,,['TOTAL'],30
P1,A,POBLACIÓN EN CONTROL SEGÚN MÉTODO DE REGULACIÓN DE FERTILIDAD,P1600109,Mujeres con Retiro de Implante Anticipado en el semestre (antes de los 5 años) - En Extrasistema,COL02,E,5,RANGO ETARIO - Menor de 15 años,RANGO ETARIO,Menor de 15 años,,,,"['RANGO ETARIO', 'Menor de 15 años']",30
P1,A,POBLACIÓN EN CONTROL SEGÚN MÉTODO DE REGULACIÓN DE FERTILIDAD,P1600109,Mujeres con Retiro de Implante Anticipado en el semestre (antes de los 5 años) - En Extrasistema,COL03,F,6,RANGO ETARIO - 15 a 19 años,RANGO ETARIO,15 a 19 años,,,,"['RANGO ETARIO', '15 a 19 años']",30
P1,A,POBLACIÓN EN CONTROL SEGÚN MÉTODO DE REGULACIÓN DE FERTILIDAD,P1600109,Mujeres con Retiro de Implante Anticipado en el semestre (antes de los 5 años) - En Extrasistema,COL04,G,7,RANGO ETARIO - 20 a 24 años,RANGO ETARIO,20 a 24 años,,,,"['RANGO ETARIO', '20 a 24 años']",30
P1,A,POBLACIÓN EN CONTROL SEGÚN MÉTODO DE REGULACIÓN DE FERTILIDAD,P1600109,Mujeres con Retiro de Implante Anticipado en el semestre (antes de los 5 años) - En Extrasistema,COL05,H,8,RANGO ETARIO - 25 a 29 años,RANGO ETARIO,25 a 29 años,,,,"['RANGO ETARIO', '25 a 29 años']",30
P1,A,POBLACIÓN EN CONTROL SEGÚN MÉTODO DE REGULACIÓN DE FERTILIDAD,P1600109,Mujeres con Retiro de Implante Anticipado en el semestre (antes de los 5 años) - En Extrasistema,COL06,I,9,RANGO ETARIO - 30 a 34 años,RANGO ETARIO,30 a 34 años,,,,"['RANGO ETARIO', '30 a 34 años']",30
P1,A,POBLACIÓN EN CONTROL SEGÚN MÉTODO DE REGULACIÓN DE FERTILIDAD,P1600109,Mujeres con Retiro de Implante Anticipado en el semestre (antes de los 5 años) - En Extrasistema,COL07,J,10,RANGO ETARIO - 35 a 39 años,RANGO ETARIO,35 a 39 años,,,,"['RANGO ETARIO', '35 a 39 años']",30
P1,A,POBLACIÓN EN CONTROL SEGÚN MÉTODO DE REGULACIÓN DE FERTILIDAD,P1600109,Mujeres con Retiro de Implante Anticipado en el semestre (antes de los 5 años) - En Extrasistema,COL08,K,11,RANGO ETARIO - 40 a 44 años,RANGO ETARIO,40 a 44 años,,,,"['RANGO ETARIO', '40 a 44 años']",30
P1,A,POBLACIÓN EN CONTROL SEGÚN MÉTODO DE REGULACIÓN DE FERTILIDAD,P1600109,Mujeres con Retiro de Implante Anticipado en el semestre (antes de los 5 años) - En Extrasistema,COL09,L,12,RANGO ETARIO - 45 a 49 años,RANGO ETARIO,45 a 49 años,,,,"['RANGO ETARIO', '45 a 49 años']",30
P1,A,POBLACIÓN EN CONTROL SEGÚN MÉTODO DE REGULACIÓN DE FERTILIDAD,P1600109,Mujeres con Retiro de Implante Anticipado en el semestre (antes de los 5 años) - En Extrasistema,COL10,M,13,RANGO ETARIO - 50 a 54 años,RANGO ETARIO,50 a 54 años,,,,"['RANGO ETARIO', '50 a 54 años']",30
P1,A,POBLACIÓN EN CONTROL SEGÚN MÉTODO DE REGULACIÓN DE FERTILIDAD,P1600109,Mujeres con Retiro de Implante Anticipado en el semestre (antes de los 5 años) - En Extrasistema,COL11,N,14,RANGO ETARIO - 55 a 59 años,RANGO ETARIO,55 a 59 años,,,,"['RANGO ETARIO', '55 a 59 años']",30
P1,A,POBLACIÓN EN CONTROL SEGÚN MÉTODO DE REGULACIÓN DE FERTILIDAD,P1600109,Mujeres con Retiro de Implante Anticipado en el semestre (antes de los 5 años) - En Extrasistema,COL12,O,15,RANGO ETARIO - 60 a 64 años,RANGO ETARIO,60 a 64 años,,,,"['RANGO ETARIO', '60 a 64 años']",30
P1,A,POBLACIÓN EN CONTROL SEGÚN MÉTODO DE REGULACIÓN DE FERTILIDAD,P1600109,Mujeres con Retiro de Implante Anticipado en el semestre (antes de los 5 años) - En Extrasistema,COL13,P,16,RANGO ETARIO - 65 a 69 años,RANGO ETARIO,65 a 69 años,,,,"['RANGO ETARIO', '65 a 69 años']",30
P1,A,POBLACIÓN EN CONTROL SEGÚN MÉTODO DE REGULACIÓN DE FERTILIDAD,P1600109,Mujeres con Retiro de Implante Anticipado en el semestre (antes de los 5 años) - En Extrasistema,COL14,Q,17,RANGO ETARIO - 70 y más años,RANGO ETARIO,70 y más años,,,,"['RANGO ETARIO', '70 y más años']",30
P1,A,POBLACIÓN EN CONTROL SEGÚN MÉTODO DE REGULACIÓN DE FERTILIDAD,P1600109,Mujeres con Retiro de Implante Anticipado en el semestre (antes de los 5 años) - En Extrasistema,COL15,R,18,Pueblos Originarios,Pueblos Originarios,,,,,['Pueblos Originarios'],30
P1,A,POBLACIÓN EN CONTROL SEGÚN MÉTODO DE REGULACIÓN DE FERTILIDAD,P1600109,Mujeres con Retiro de Implante Anticipado en el semestre (antes de los 5 años) - En Extrasistema,COL16,S,19,Migrantes - Menor de 20 años,Migrantes,Menor de 20 años,,,,"['Migrantes', 'Menor de 20 años']",30
P1,A,POBLACIÓN EN CONTROL SEGÚN MÉTODO DE REGULACIÓN DE FERTILIDAD,P1600109,Mujeres con Retiro de Implante Anticipado en el semestre (antes de los 5 años) - En Extrasistema,COL17,T,20,Migrantes - 20 años y más,Migrantes,20 años y más,,,,"['Migrantes', '20 años y más']",30
P1,A,POBLACIÓN EN CONTROL SEGÚN MÉTODO DE REGULACIÓN DE FERTILIDAD,P1600109,Mujeres con Retiro de Implante Anticipado en el semestre (antes de los 5 años) - En Extrasistema,COL18,U,21,PV-VIH (personas viviendo con VIH),PV-VIH (personas viviendo con VIH),,,,,['PV-VIH (personas viviendo con VIH)'],30
P1,A,POBLACIÓN EN CONTROL SEGÚN MÉTODO DE REGULACIÓN DE FERTILIDAD,P1600109,Mujeres con Retiro de Implante Anticipado en el semestre (antes de los 5 años) - En Extrasistema,COL19,V,22,Identidad de Género - Trans Masculino,Identidad de Género,Trans Masculino,,,,"['Identidad de Género', 'Trans Masculino']",30
P1,A,POBLACIÓN EN CONTROL SEGÚN MÉTODO DE REGULACIÓN DE FERTILIDAD,P1600109,Mujeres con Retiro de Implante Anticipado en el semestre (antes de los 5 años) - En Extrasistema,COL20,W,23,Identidad de Género - Trans Femenino,Identidad de Género,Trans Femenino,,,,"['Identidad de Género', 'Trans Femenino']",30
P1,A,POBLACIÓN EN CONTROL SEGÚN MÉTODO DE REGULACIÓN DE FERTILIDAD,P1600109,Mujeres con Retiro de Implante Anticipado en el semestre (antes de los 5 años) - En Extrasistema,COL21,X,24,Identidad de Género - No Binarie,Identidad de Género,No Binarie,,,,"['Identidad de Género', 'No Binarie']",30
P1,A,POBLACIÓN EN CONTROL SEGÚN MÉTODO DE REGULACIÓN DE FERTILIDAD,P1600109,Mujeres con Retiro de Implante Anticipado en el semestre (antes de los 5 años) - En Extrasistema,COL22,Y,25,Personas con Discapacidad,Personas con Discapacidad,,,,,['Personas con Discapacidad'],30
P1,A,POBLACIÓN EN CONTROL SEGÚN MÉTODO DE REGULACIÓN DE FERTILIDAD,P1060090,Método de Regulación de Fertilidad más Preservativo,COL01,D,4,TOTAL,TOTAL,,,,,['TOTAL'],31
P1,A,POBLACIÓN EN CONTROL SEGÚN MÉTODO DE REGULACIÓN DE FERTILIDAD,P1060090,Método de Regulación de Fertilidad más Preservativo,COL02,E,5,RANGO ETARIO - Menor de 15 años,RANGO ETARIO,Menor de 15 años,,,,"['RANGO ETARIO', 'Menor de 15 años']",31
P1,A,POBLACIÓN EN CONTROL SEGÚN MÉTODO DE REGULACIÓN DE FERTILIDAD,P1060090,Método de Regulación de Fertilidad más Preservativo,COL03,F,6,RANGO ETARIO - 15 a 19 años,RANGO ETARIO,15 a 19 años,,,,"['RANGO ETARIO', '15 a 19 años']",31
P1,A,POBLACIÓN EN CONTROL SEGÚN MÉTODO DE REGULACIÓN DE FERTILIDAD,P1060090,Método de Regulación de Fertilidad más Preservativo,COL04,G,7,RANGO ETARIO - 20 a 24 años,RANGO ETARIO,20 a 24 años,,,,"['RANGO ETARIO', '20 a 24 años']",31
P1,A,POBLACIÓN EN CONTROL SEGÚN MÉTODO DE REGULACIÓN DE FERTILIDAD,P1060090,Método de Regulación de Fertilidad más Preservativo,COL05,H,8,RANGO ETARIO - 25 a 29 años,RANGO ETARIO,25 a 29 años,,,,"['RANGO ETARIO', '25 a 29 años']",31
P1,A,POBLACIÓN EN CONTROL SEGÚN MÉTODO DE REGULACIÓN DE FERTILIDAD,P1060090,Método de Regulación de Fertilidad más Preservativo,COL06,I,9,RANGO ETARIO - 30 a 34 años,RANGO ETARIO,30 a 34 años,,,,"['RANGO ETARIO', '30 a 34 años']",31
P1,A,POBLACIÓN EN CONTROL SEGÚN MÉTODO DE REGULACIÓN DE FERTILIDAD,P1060090,Método de Regulación de Fertilidad más Preservativo,COL07,J,10,RANGO ETARIO - 35 a 39 años,RANGO ETARIO,35 a 39 años,,,,"['RANGO ETARIO', '35 a 39 años']",31
P1,A,POBLACIÓN EN CONTROL SEGÚN MÉTODO DE REGULACIÓN DE FERTILIDAD,P1060090,Método de Regulación de Fertilidad más Preservativo,COL08,K,11,RANGO ETARIO - 40 a 44 años,RANGO ETARIO,40 a 44 años,,,,"['RANGO ETARIO', '40 a 44 años']",31
P1,A,POBLACIÓN EN CONTROL SEGÚN MÉTODO DE REGULACIÓN DE FERTILIDAD,P1060090,Método de Regulación de Fertilidad más Preservativo,COL09,L,12,RANGO ETARIO - 45 a 49 años,RANGO ETARIO,45 a 49 años,,,,"['RANGO ETARIO', '45 a 49 años']",31
P1,A,POBLACIÓN EN CONTROL SEGÚN MÉTODO DE REGULACIÓN DE FERTILIDAD,P1060090,Método de Regulación de Fertilidad más Preservativo,COL10,M,13,RANGO ETARIO - 50 a 54 años,RANGO ETARIO,50 a 54 años,,,,"['RANGO ETARIO', '50 a 54 años']",31
P1,A,POBLACIÓN EN CONTROL SEGÚN MÉTODO DE REGULACIÓN DE FERTILIDAD,P1060090,Método de Regulación de Fertilidad más Preservativo,COL11,N,14,RANGO ETARIO - 55 a 59 años,RANGO ETARIO,55 a 59 años,,,,"['RANGO ETARIO', '55 a 59 años']",31
P1,A,POBLACIÓN EN CONTROL SEGÚN MÉTODO DE REGULACIÓN DE FERTILIDAD,P1060090,Método de Regulación de Fertilidad más Preservativo,COL12,O,15,RANGO ETARIO - 60 a 64 años,RANGO ETARIO,60 a 64 años,,,,"['RANGO ETARIO', '60 a 64 años']",31
P1,A,POBLACIÓN EN CONTROL SEGÚN MÉTODO DE REGULACIÓN DE FERTILIDAD,P1060090,Método de Regulación de Fertilidad más Preservativo,COL13,P,16,RANGO ETARIO - 65 a 69 años,RANGO ETARIO,65 a 69 años,,,,"['RANGO ETARIO', '65 a 69 años']",31
P1,A,POBLACIÓN EN CONTROL SEGÚN MÉTODO DE REGULACIÓN DE FERTILIDAD,P1060090,Método de Regulación de Fertilidad más Preservativo,COL14,Q,17,RANGO ETARIO - 70 y más años,RANGO ETARIO,70 y más años,,,,"['RANGO ETARIO', '70 y más años']",31
P1,A,POBLACIÓN EN CONTROL SEGÚN MÉTODO DE REGULACIÓN DE FERTILIDAD,P1060090,Método de Regulación de Fertilidad más Preservativo,COL15,R,18,Pueblos Originarios,Pueblos Originarios,,,,,['Pueblos Originarios'],31
P1,A,POBLACIÓN EN CONTROL SEGÚN MÉTODO DE REGULACIÓN DE FERTILIDAD,P1060090,Método de Regulación de Fertilidad más Preservativo,COL16,S,19,Migrantes - Menor de 20 años,Migrantes,Menor de 20 años,,,,"['Migrantes', 'Menor de 20 años']",31
P1,A,POBLACIÓN EN CONTROL SEGÚN MÉTODO DE REGULACIÓN DE FERTILIDAD,P1060090,Método de Regulación de Fertilidad más Preservativo,COL17,T,20,Migrantes - 20 años y más,Migrantes,20 años y más,,,,"['Migrantes', '20 años y más']",31
P1,A,POBLACIÓN EN CONTROL SEGÚN MÉTODO DE REGULACIÓN DE FERTILIDAD,P1060090,Método de Regulación de Fertilidad más Preservativo,COL18,U,21,PV-VIH (personas viviendo con VIH),PV-VIH (personas viviendo con VIH),,,,,['PV-VIH (personas viviendo con VIH)'],31
P1,A,POBLACIÓN EN CONTROL SEGÚN MÉTODO DE REGULACIÓN DE FERTILIDAD,P1060090,Método de Regulación de Fertilidad más Preservativo,COL19,V,22,Identidad de Género - Trans Masculino,Identidad de Género,Trans Masculino,,,,"['Identidad de Género', 'Trans Masculino']",31
P1,A,POBLACIÓN EN CONTROL SEGÚN MÉTODO DE REGULACIÓN DE FERTILIDAD,P1060090,Método de Regulación de Fertilidad más Preservativo,COL20,W,23,Identidad de Género - Trans Femenino,Identidad de Género,Trans Femenino,,,,"['Identidad de Género', 'Trans Femenino']",31
P1,A,POBLACIÓN EN CONTROL SEGÚN MÉTODO DE REGULACIÓN DE FERTILIDAD,P1060090,Método de Regulación de Fertilidad más Preservativo,COL21,X,24,Identidad de Género - No Binarie,Identidad de Género,No Binarie,,,,"['Identidad de Género', 'No Binarie']",31
P1,A,POBLACIÓN EN CONTROL SEGÚN MÉTODO DE REGULACIÓN DE FERTILIDAD,P1060090,Método de Regulación de Fertilidad más Preservativo,COL22,Y,25,Personas con Discapacidad,Personas con Discapacidad,,,,,['Personas con Discapacidad'],31
P1,A.1,POBLACIÓN EN CONTROL SEGÚN SALUD SEXUAL,P1200200,Preservativo/Práctica Sexual segura - Mujer,COL01,D,4,TOTAL,TOTAL,,,,,['TOTAL'],35
P1,A.1,POBLACIÓN EN CONTROL SEGÚN SALUD SEXUAL,P1200200,Preservativo/Práctica Sexual segura - Mujer,COL02,E,5,RANGO ETARIO - Menor de 15 años,RANGO ETARIO,Menor de 15 años,,,,"['RANGO ETARIO', 'Menor de 15 años']",35
P1,A.1,POBLACIÓN EN CONTROL SEGÚN SALUD SEXUAL,P1200200,Preservativo/Práctica Sexual segura - Mujer,COL03,F,6,RANGO ETARIO - 15 a 19 años,RANGO ETARIO,15 a 19 años,,,,"['RANGO ETARIO', '15 a 19 años']",35
P1,A.1,POBLACIÓN EN CONTROL SEGÚN SALUD SEXUAL,P1200200,Preservativo/Práctica Sexual segura - Mujer,COL04,G,7,RANGO ETARIO - 20 a 24 años,RANGO ETARIO,20 a 24 años,,,,"['RANGO ETARIO', '20 a 24 años']",35
P1,A.1,POBLACIÓN EN CONTROL SEGÚN SALUD SEXUAL,P1200200,Preservativo/Práctica Sexual segura - Mujer,COL05,H,8,RANGO ETARIO - 25 a 29 años,RANGO ETARIO,25 a 29 años,,,,"['RANGO ETARIO', '25 a 29 años']",35
P1,A.1,POBLACIÓN EN CONTROL SEGÚN SALUD SEXUAL,P1200200,Preservativo/Práctica Sexual segura - Mujer,COL06,I,9,RANGO ETARIO - 30 a 34 años,RANGO ETARIO,30 a 34 años,,,,"['RANGO ETARIO', '30 a 34 años']",35
P1,A.1,POBLACIÓN EN CONTROL SEGÚN SALUD SEXUAL,P1200200,Preservativo/Práctica Sexual segura - Mujer,COL07,J,10,RANGO ETARIO - 35 a 39 años,RANGO ETARIO,35 a 39 años,,,,"['RANGO ETARIO', '35 a 39 años']",35
P1,A.1,POBLACIÓN EN CONTROL SEGÚN SALUD SEXUAL,P1200200,Preservativo/Práctica Sexual segura - Mujer,COL08,K,11,RANGO ETARIO - 40 a 44 años,RANGO ETARIO,40 a 44 años,,,,"['RANGO ETARIO', '40 a 44 años']",35
P1,A.1,POBLACIÓN EN CONTROL SEGÚN SALUD SEXUAL,P1200200,Preservativo/Práctica Sexual segura - Mujer,COL09,L,12,RANGO ETARIO - 45 a 49 años,RANGO ETARIO,45 a 49 años,,,,"['RANGO ETARIO', '45 a 49 años']",35
P1,A.1,POBLACIÓN EN CONTROL SEGÚN SALUD SEXUAL,P1200200,Preservativo/Práctica Sexual segura - Mujer,COL10,M,13,RANGO ETARIO - 50 a 54 años,RANGO ETARIO,50 a 54 años,,,,"['RANGO ETARIO', '50 a 54 años']",35
P1,A.1,POBLACIÓN EN CONTROL SEGÚN SALUD SEXUAL,P1200200,Preservativo/Práctica Sexual segura - Mujer,COL11,N,14,RANGO ETARIO - 55 a 59 años,RANGO ETARIO,55 a 59 años,,,,"['RANGO ETARIO', '55 a 59 años']",35
P1,A.1,POBLACIÓN EN CONTROL SEGÚN SALUD SEXUAL,P1200200,Preservativo/Práctica Sexual segura - Mujer,COL12,O,15,RANGO ETARIO - 60 a 64 años,RANGO ETARIO,60 a 64 años,,,,"['RANGO ETARIO', '60 a 64 años']",35
P1,A.1,POBLACIÓN EN CONTROL SEGÚN SALUD SEXUAL,P1200200,Preservativo/Práctica Sexual segura - Mujer,COL13,P,16,RANGO ETARIO - 65 a 69 años,RANGO ETARIO,65 a 69 años,,,,"['RANGO ETARIO', '65 a 69 años']",35
P1,A.1,POBLACIÓN EN CONTROL SEGÚN SALUD SEXUAL,P1200200,Preservativo/Práctica Sexual segura - Mujer,COL14,Q,17,RANGO ETARIO - 70 y más años,RANGO ETARIO,70 y más años,,,,"['RANGO ETARIO', '70 y más años']",35
P1,A.1,POBLACIÓN EN CONTROL SEGÚN SALUD SEXUAL,P1200200,Preservativo/Práctica Sexual segura - Mujer,COL15,R,18,Pueblos Originarios,Pueblos Originarios,,,,,['Pueblos Originarios'],35
P1,A.1,POBLACIÓN EN CONTROL SEGÚN SALUD SEXUAL,P1200200,Preservativo/Práctica Sexual segura - Mujer,COL16,S,19,Migrantes - Menor de 20 años,Migrantes,Menor de 20 años,,,,"['Migrantes', 'Menor de 20 años']",35
P1,A.1,POBLACIÓN EN CONTROL SEGÚN SALUD SEXUAL,P1200200,Preservativo/Práctica Sexual segura - Mujer,COL17,T,20,Migrantes - 20 años y más,Migrantes,20 años y más,,,,"['Migrantes', '20 años y más']",35
P1,A.1,POBLACIÓN EN CONTROL SEGÚN SALUD SEXUAL,P1200200,Preservativo/Práctica Sexual segura - Mujer,COL18,U,21,PV-VIH (personas viviendo con VIH),PV-VIH (personas viviendo con VIH),,,,,['PV-VIH (personas viviendo con VIH)'],35
P1,A.1,POBLACIÓN EN CONTROL SEGÚN SALUD SEXUAL,P1200200,Preservativo/Práctica Sexual segura - Mujer,COL19,V,22,Identidad de Género - Trans Masculino,Identidad de Género,Trans Masculino,,,,"['Identidad de Género', 'Trans Masculino']",35
P1,A.1,POBLACIÓN EN CONTROL SEGÚN SALUD SEXUAL,P1200200,Preservativo/Práctica Sexual segura - Mujer,COL20,W,23,Identidad de Género - Trans Femenino,Identidad de Género,Trans Femenino,,,,"['Identidad de Género', 'Trans Femenino']",35
P1,A.1,POBLACIÓN EN CONTROL SEGÚN SALUD SEXUAL,P1200200,Preservativo/Práctica Sexual segura - Mujer,COL21,X,24,Identidad de Género - No Binarie,Identidad de Género,No Binarie,,,,"['Identidad de Género', 'No Binarie']",35
P1,A.1,POBLACIÓN EN CONTROL SEGÚN SALUD SEXUAL,P1200200,Preservativo/Práctica Sexual segura - Mujer,COL22,Y,25,Personas con Discapacidad,Personas con Discapacidad,,,,,['Personas con Discapacidad'],35
P1,A.1,POBLACIÓN EN CONTROL SEGÚN SALUD SEXUAL,P1200210,Preservativo/Práctica Sexual segura - Hombres,COL01,D,4,TOTAL,TOTAL,,,,,['TOTAL'],36
P1,A.1,POBLACIÓN EN CONTROL SEGÚN SALUD SEXUAL,P1200210,Preservativo/Práctica Sexual segura - Hombres,COL02,E,5,RANGO ETARIO - Menor de 15 años,RANGO ETARIO,Menor de 15 años,,,,"['RANGO ETARIO', 'Menor de 15 años']",36
P1,A.1,POBLACIÓN EN CONTROL SEGÚN SALUD SEXUAL,P1200210,Preservativo/Práctica Sexual segura - Hombres,COL03,F,6,RANGO ETARIO - 15 a 19 años,RANGO ETARIO,15 a 19 años,,,,"['RANGO ETARIO', '15 a 19 años']",36
P1,A.1,POBLACIÓN EN CONTROL SEGÚN SALUD SEXUAL,P1200210,Preservativo/Práctica Sexual segura - Hombres,COL04,G,7,RANGO ETARIO - 20 a 24 años,RANGO ETARIO,20 a 24 años,,,,"['RANGO ETARIO', '20 a 24 años']",36
P1,A.1,POBLACIÓN EN CONTROL SEGÚN SALUD SEXUAL,P1200210,Preservativo/Práctica Sexual segura - Hombres,COL05,H,8,RANGO ETARIO - 25 a 29 años,RANGO ETARIO,25 a 29 años,,,,"['RANGO ETARIO', '25 a 29 años']",36
P1,A.1,POBLACIÓN EN CONTROL SEGÚN SALUD SEXUAL,P1200210,Preservativo/Práctica Sexual segura - Hombres,COL06,I,9,RANGO ETARIO - 30 a 34 años,RANGO ETARIO,30 a 34 años,,,,"['RANGO ETARIO', '30 a 34 años']",36
P1,A.1,POBLACIÓN EN CONTROL SEGÚN SALUD SEXUAL,P1200210,Preservativo/Práctica Sexual segura - Hombres,COL07,J,10,RANGO ETARIO - 35 a 39 años,RANGO ETARIO,35 a 39 años,,,,"['RANGO ETARIO', '35 a 39 años']",36
P1,A.1,POBLACIÓN EN CONTROL SEGÚN SALUD SEXUAL,P1200210,Preservativo/Práctica Sexual segura - Hombres,COL08,K,11,RANGO ETARIO - 40 a 44 años,RANGO ETARIO,40 a 44 años,,,,"['RANGO ETARIO', '40 a 44 años']",36
P1,A.1,POBLACIÓN EN CONTROL SEGÚN SALUD SEXUAL,P1200210,Preservativo/Práctica Sexual segura - Hombres,COL09,L,12,RANGO ETARIO - 45 a 49 años,RANGO ETARIO,45 a 49 años,,,,"['RANGO ETARIO', '45 a 49 años']",36
P1,A.1,POBLACIÓN EN CONTROL SEGÚN SALUD SEXUAL,P1200210,Preservativo/Práctica Sexual segura - Hombres,COL10,M,13,RANGO ETARIO - 50 a 54 años,RANGO ETARIO,50 a 54 años,,,,"['RANGO ETARIO', '50 a 54 años']",36
P1,A.1,POBLACIÓN EN CONTROL SEGÚN SALUD SEXUAL,P1200210,Preservativo/Práctica Sexual segura - Hombres,COL11,N,14,RANGO ETARIO - 55 a 59 años,RANGO ETARIO,55 a 59 años,,,,"['RANGO ETARIO', '55 a 59 años']",36
P1,A.1,POBLACIÓN EN CONTROL SEGÚN SALUD SEXUAL,P1200210,Preservativo/Práctica Sexual segura - Hombres,COL12,O,15,RANGO ETARIO - 60 a 64 años,RANGO ETARIO,60 a 64 años,,,,"['RANGO ETARIO', '60 a 64 años']",36
P1,A.1,POBLACIÓN EN CONTROL SEGÚN SALUD SEXUAL,P1200210,Preservativo/Práctica Sexual segura - Hombres,COL13,P,16,RANGO ETARIO - 65 a 69 años,RANGO ETARIO,65 a 69 años,,,,"['RANGO ETARIO', '65 a 69 años']",36
P1,A.1,POBLACIÓN EN CONTROL SEGÚN SALUD SEXUAL,P1200210,Preservativo/Práctica Sexual segura - Hombres,COL14,Q,17,RANGO ETARIO - 70 y más años,RANGO ETARIO,70 y más años,,,,"['RANGO ETARIO', '70 y más años']",36
P1,A.1,POBLACIÓN EN CONTROL SEGÚN SALUD SEXUAL,P1200210,Preservativo/Práctica Sexual segura - Hombres,COL15,R,18,Pueblos Originarios,Pueblos Originarios,,,,,['Pueblos Originarios'],36
P1,A.1,POBLACIÓN EN CONTROL SEGÚN SALUD SEXUAL,P1200210,Preservativo/Práctica Sexual segura - Hombres,COL16,S,19,Migrantes - Menor de 20 años,Migrantes,Menor de 20 años,,,,"['Migrantes', 'Menor de 20 años']",36
P1,A.1,POBLACIÓN EN CONTROL SEGÚN SALUD SEXUAL,P1200210,Preservativo/Práctica Sexual segura - Hombres,COL17,T,20,Migrantes - 20 años y más,Migrantes,20 años y más,,,,"['Migrantes', '20 años y más']",36
P1,A.1,POBLACIÓN EN CONTROL SEGÚN SALUD SEXUAL,P1200210,Preservativo/Práctica Sexual segura - Hombres,COL18,U,21,PV-VIH (personas viviendo con VIH),PV-VIH (personas viviendo con VIH),,,,,['PV-VIH (personas viviendo con VIH)'],36
P1,A.1,POBLACIÓN EN CONTROL SEGÚN SALUD SEXUAL,P1200210,Preservativo/Práctica Sexual segura - Hombres,COL19,V,22,Identidad de Género - Trans Masculino,Identidad de Género,Trans Masculino,,,,"['Identidad de Género', 'Trans Masculino']",36
P1,A.1,POBLACIÓN EN CONTROL SEGÚN SALUD SEXUAL,P1200210,Preservativo/Práctica Sexual segura - Hombres,COL20,W,23,Identidad de Género - Trans Femenino,Identidad de Género,Trans Femenino,,,,"['Identidad de Género', 'Trans Femenino']",36
P1,A.1,POBLACIÓN EN CONTROL SEGÚN SALUD SEXUAL,P1200210,Preservativo/Práctica Sexual segura - Hombres,COL21,X,24,Identidad de Género - No Binarie,Identidad de Género,No Binarie,,,,"['Identidad de Género', 'No Binarie']",36
P1,A.1,POBLACIÓN EN CONTROL SEGÚN SALUD SEXUAL,P1200210,Preservativo/Práctica Sexual segura - Hombres,COL22,Y,25,Personas con Discapacidad,Personas con Discapacidad,,,,,['Personas con Discapacidad'],36
P1,A.1,POBLACIÓN EN CONTROL SEGÚN SALUD SEXUAL,P1200220,Lubricantes - Mujer,COL01,D,4,TOTAL,TOTAL,,,,,['TOTAL'],37
P1,A.1,POBLACIÓN EN CONTROL SEGÚN SALUD SEXUAL,P1200220,Lubricantes - Mujer,COL02,E,5,RANGO ETARIO - Menor de 15 años,RANGO ETARIO,Menor de 15 años,,,,"['RANGO ETARIO', 'Menor de 15 años']",37
P1,A.1,POBLACIÓN EN CONTROL SEGÚN SALUD SEXUAL,P1200220,Lubricantes - Mujer,COL03,F,6,RANGO ETARIO - 15 a 19 años,RANGO ETARIO,15 a 19 años,,,,"['RANGO ETARIO', '15 a 19 años']",37
P1,A.1,POBLACIÓN EN CONTROL SEGÚN SALUD SEXUAL,P1200220,Lubricantes - Mujer,COL04,G,7,RANGO ETARIO - 20 a 24 años,RANGO ETARIO,20 a 24 años,,,,"['RANGO ETARIO', '20 a 24 años']",37
P1,A.1,POBLACIÓN EN CONTROL SEGÚN SALUD SEXUAL,P1200220,Lubricantes - Mujer,COL05,H,8,RANGO ETARIO - 25 a 29 años,RANGO ETARIO,25 a 29 años,,,,"['RANGO ETARIO', '25 a 29 años']",37
P1,A.1,POBLACIÓN EN CONTROL SEGÚN SALUD SEXUAL,P1200220,Lubricantes - Mujer,COL06,I,9,RANGO ETARIO - 30 a 34 años,RANGO ETARIO,30 a 34 años,,,,"['RANGO ETARIO', '30 a 34 años']",37
P1,A.1,POBLACIÓN EN CONTROL SEGÚN SALUD SEXUAL,P1200220,Lubricantes - Mujer,COL07,J,10,RANGO ETARIO - 35 a 39 años,RANGO ETARIO,35 a 39 años,,,,"['RANGO ETARIO', '35 a 39 años']",37
P1,A.1,POBLACIÓN EN CONTROL SEGÚN SALUD SEXUAL,P1200220,Lubricantes - Mujer,COL08,K,11,RANGO ETARIO - 40 a 44 años,RANGO ETARIO,40 a 44 años,,,,"['RANGO ETARIO', '40 a 44 años']",37
P1,A.1,POBLACIÓN EN CONTROL SEGÚN SALUD SEXUAL,P1200220,Lubricantes - Mujer,COL09,L,12,RANGO ETARIO - 45 a 49 años,RANGO ETARIO,45 a 49 años,,,,"['RANGO ETARIO', '45 a 49 años']",37
P1,A.1,POBLACIÓN EN CONTROL SEGÚN SALUD SEXUAL,P1200220,Lubricantes - Mujer,COL10,M,13,RANGO ETARIO - 50 a 54 años,RANGO ETARIO,50 a 54 años,,,,"['RANGO ETARIO', '50 a 54 años']",37
P1,A.1,POBLACIÓN EN CONTROL SEGÚN SALUD SEXUAL,P1200220,Lubricantes - Mujer,COL11,N,14,RANGO ETARIO - 55 a 59 años,RANGO ETARIO,55 a 59 años,,,,"['RANGO ETARIO', '55 a 59 años']",37
P1,A.1,POBLACIÓN EN CONTROL SEGÚN SALUD SEXUAL,P1200220,Lubricantes - Mujer,COL12,O,15,RANGO ETARIO - 60 a 64 años,RANGO ETARIO,60 a 64 años,,,,"['RANGO ETARIO', '60 a 64 años']",37
P1,A.1,POBLACIÓN EN CONTROL SEGÚN SALUD SEXUAL,P1200220,Lubricantes - Mujer,COL13,P,16,RANGO ETARIO - 65 a 69 años,RANGO ETARIO,65 a 69 años,,,,"['RANGO ETARIO', '65 a 69 años']",37
P1,A.1,POBLACIÓN EN CONTROL SEGÚN SALUD SEXUAL,P1200220,Lubricantes - Mujer,COL14,Q,17,RANGO ETARIO - 70 y más años,RANGO ETARIO,70 y más años,,,,"['RANGO ETARIO', '70 y más años']",37
P1,A.1,POBLACIÓN EN CONTROL SEGÚN SALUD SEXUAL,P1200220,Lubricantes - Mujer,COL15,R,18,Pueblos Originarios,Pueblos Originarios,,,,,['Pueblos Originarios'],37
P1,A.1,POBLACIÓN EN CONTROL SEGÚN SALUD SEXUAL,P1200220,Lubricantes - Mujer,COL16,S,19,Migrantes - Menor de 20 años,Migrantes,Menor de 20 años,,,,"['Migrantes', 'Menor de 20 años']",37
P1,A.1,POBLACIÓN EN CONTROL SEGÚN SALUD SEXUAL,P1200220,Lubricantes - Mujer,COL17,T,20,Migrantes - 20 años y más,Migrantes,20 años y más,,,,"['Migrantes', '20 años y más']",37
P1,A.1,POBLACIÓN EN CONTROL SEGÚN SALUD SEXUAL,P1200220,Lubricantes - Mujer,COL18,U,21,PV-VIH (personas viviendo con VIH),PV-VIH (personas viviendo con VIH),,,,,['PV-VIH (personas viviendo con VIH)'],37
P1,A.1,POBLACIÓN EN CONTROL SEGÚN SALUD SEXUAL,P1200220,Lubricantes - Mujer,COL19,V,22,Identidad de Género - Trans Masculino,Identidad de Género,Trans Masculino,,,,"['Identidad de Género', 'Trans Masculino']",37
P1,A.1,POBLACIÓN EN CONTROL SEGÚN SALUD SEXUAL,P1200220,Lubricantes - Mujer,COL20,W,23,Identidad de Género - Trans Femenino,Identidad de Género,Trans Femenino,,,,"['Identidad de Género', 'Trans Femenino']",37
P1,A.1,POBLACIÓN EN CONTROL SEGÚN SALUD SEXUAL,P1200220,Lubricantes - Mujer,COL21,X,24,Identidad de Género - No Binarie,Identidad de Género,No Binarie,,,,"['Identidad de Género', 'No Binarie']",37
P1,A.1,POBLACIÓN EN CONTROL SEGÚN SALUD SEXUAL,P1200220,Lubricantes - Mujer,COL22,Y,25,Personas con Discapacidad,Personas con Discapacidad,,,,,['Personas con Discapacidad'],37
P1,A.1,POBLACIÓN EN CONTROL SEGÚN SALUD SEXUAL,P1200230,Lubricantes - Hombres,COL01,D,4,TOTAL,TOTAL,,,,,['TOTAL'],38
P1,A.1,POBLACIÓN EN CONTROL SEGÚN SALUD SEXUAL,P1200230,Lubricantes - Hombres,COL02,E,5,RANGO ETARIO - Menor de 15 años,RANGO ETARIO,Menor de 15 años,,,,"['RANGO ETARIO', 'Menor de 15 años']",38
P1,A.1,POBLACIÓN EN CONTROL SEGÚN SALUD SEXUAL,P1200230,Lubricantes - Hombres,COL03,F,6,RANGO ETARIO - 15 a 19 años,RANGO ETARIO,15 a 19 años,,,,"['RANGO ETARIO', '15 a 19 años']",38
P1,A.1,POBLACIÓN EN CONTROL SEGÚN SALUD SEXUAL,P1200230,Lubricantes - Hombres,COL04,G,7,RANGO ETARIO - 20 a 24 años,RANGO ETARIO,20 a 24 años,,,,"['RANGO ETARIO', '20 a 24 años']",38
P1,A.1,POBLACIÓN EN CONTROL SEGÚN SALUD SEXUAL,P1200230,Lubricantes - Hombres,COL05,H,8,RANGO ETARIO - 25 a 29 años,RANGO ETARIO,25 a 29 años,,,,"['RANGO ETARIO', '25 a 29 años']",38
P1,A.1,POBLACIÓN EN CONTROL SEGÚN SALUD SEXUAL,P1200230,Lubricantes - Hombres,COL06,I,9,RANGO ETARIO - 30 a 34 años,RANGO ETARIO,30 a 34 años,,,,"['RANGO ETARIO', '30 a 34 años']",38
P1,A.1,POBLACIÓN EN CONTROL SEGÚN SALUD SEXUAL,P1200230,Lubricantes - Hombres,COL07,J,10,RANGO ETARIO - 35 a 39 años,RANGO ETARIO,35 a 39 años,,,,"['RANGO ETARIO', '35 a 39 años']",38
P1,A.1,POBLACIÓN EN CONTROL SEGÚN SALUD SEXUAL,P1200230,Lubricantes - Hombres,COL08,K,11,RANGO ETARIO - 40 a 44 años,RANGO ETARIO,40 a 44 años,,,,"['RANGO ETARIO', '40 a 44 años']",38
P1,A.1,POBLACIÓN EN CONTROL SEGÚN SALUD SEXUAL,P1200230,Lubricantes - Hombres,COL09,L,12,RANGO ETARIO - 45 a 49 años,RANGO ETARIO,45 a 49 años,,,,"['RANGO ETARIO', '45 a 49 años']",38
P1,A.1,POBLACIÓN EN CONTROL SEGÚN SALUD SEXUAL,P1200230,Lubricantes - Hombres,COL10,M,13,RANGO ETARIO - 50 a 54 años,RANGO ETARIO,50 a 54 años,,,,"['RANGO ETARIO', '50 a 54 años']",38
P1,A.1,POBLACIÓN EN CONTROL SEGÚN SALUD SEXUAL,P1200230,Lubricantes - Hombres,COL11,N,14,RANGO ETARIO - 55 a 59 años,RANGO ETARIO,55 a 59 años,,,,"['RANGO ETARIO', '55 a 59 años']",38
P1,A.1,POBLACIÓN EN CONTROL SEGÚN SALUD SEXUAL,P1200230,Lubricantes - Hombres,COL12,O,15,RANGO ETARIO - 60 a 64 años,RANGO ETARIO,60 a 64 años,,,,"['RANGO ETARIO', '60 a 64 años']",38
P1,A.1,POBLACIÓN EN CONTROL SEGÚN SALUD SEXUAL,P1200230,Lubricantes - Hombres,COL13,P,16,RANGO ETARIO - 65 a 69 años,RANGO ETARIO,65 a 69 años,,,,"['RANGO ETARIO', '65 a 69 años']",38
P1,A.1,POBLACIÓN EN CONTROL SEGÚN SALUD SEXUAL,P1200230,Lubricantes - Hombres,COL14,Q,17,RANGO ETARIO - 70 y más años,RANGO ETARIO,70 y más años,,,,"['RANGO ETARIO', '70 y más años']",38
P1,A.1,POBLACIÓN EN CONTROL SEGÚN SALUD SEXUAL,P1200230,Lubricantes - Hombres,COL15,R,18,Pueblos Originarios,Pueblos Originarios,,,,,['Pueblos Originarios'],38
P1,A.1,POBLACIÓN EN CONTROL SEGÚN SALUD SEXUAL,P1200230,Lubricantes - Hombres,COL16,S,19,Migrantes - Menor de 20 años,Migrantes,Menor de 20 años,,,,"['Migrantes', 'Menor de 20 años']",38
P1,A.1,POBLACIÓN EN CONTROL SEGÚN SALUD SEXUAL,P1200230,Lubricantes - Hombres,COL17,T,20,Migrantes - 20 años y más,Migrantes,20 años y más,,,,"['Migrantes', '20 años y más']",38
P1,A.1,POBLACIÓN EN CONTROL SEGÚN SALUD SEXUAL,P1200230,Lubricantes - Hombres,COL18,U,21,PV-VIH (personas viviendo con VIH),PV-VIH (personas viviendo con VIH),,,,,['PV-VIH (personas viviendo con VIH)'],38
P1,A.1,POBLACIÓN EN CONTROL SEGÚN SALUD SEXUAL,P1200230,Lubricantes - Hombres,COL19,V,22,Identidad de Género - Trans Masculino,Identidad de Género,Trans Masculino,,,,"['Identidad de Género', 'Trans Masculino']",38
P1,A.1,POBLACIÓN EN CONTROL SEGÚN SALUD SEXUAL,P1200230,Lubricantes - Hombres,COL20,W,23,Identidad de Género - Trans Femenino,Identidad de Género,Trans Femenino,,,,"['Identidad de Género', 'Trans Femenino']",38
P1,A.1,POBLACIÓN EN CONTROL SEGÚN SALUD SEXUAL,P1200230,Lubricantes - Hombres,COL21,X,24,Identidad de Género - No Binarie,Identidad de Género,No Binarie,,,,"['Identidad de Género', 'No Binarie']",38
P1,A.1,POBLACIÓN EN CONTROL SEGÚN SALUD SEXUAL,P1200230,Lubricantes - Hombres,COL22,Y,25,Personas con Discapacidad,Personas con Discapacidad,,,,,['Personas con Discapacidad'],38
P1,A.1,POBLACIÓN EN CONTROL SEGÚN SALUD SEXUAL,P1200350,Condon Femenino,COL01,D,4,TOTAL,TOTAL,,,,,['TOTAL'],39
P1,A.1,POBLACIÓN EN CONTROL SEGÚN SALUD SEXUAL,P1200350,Condon Femenino,COL02,E,5,RANGO ETARIO - Menor de 15 años,RANGO ETARIO,Menor de 15 años,,,,"['RANGO ETARIO', 'Menor de 15 años']",39
P1,A.1,POBLACIÓN EN CONTROL SEGÚN SALUD SEXUAL,P1200350,Condon Femenino,COL03,F,6,RANGO ETARIO - 15 a 19 años,RANGO ETARIO,15 a 19 años,,,,"['RANGO ETARIO', '15 a 19 años']",39
P1,A.1,POBLACIÓN EN CONTROL SEGÚN SALUD SEXUAL,P1200350,Condon Femenino,COL04,G,7,RANGO ETARIO - 20 a 24 años,RANGO ETARIO,20 a 24 años,,,,"['RANGO ETARIO', '20 a 24 años']",39
P1,A.1,POBLACIÓN EN CONTROL SEGÚN SALUD SEXUAL,P1200350,Condon Femenino,COL05,H,8,RANGO ETARIO - 25 a 29 años,RANGO ETARIO,25 a 29 años,,,,"['RANGO ETARIO', '25 a 29 años']",39
P1,A.1,POBLACIÓN EN CONTROL SEGÚN SALUD SEXUAL,P1200350,Condon Femenino,COL06,I,9,RANGO ETARIO - 30 a 34 años,RANGO ETARIO,30 a 34 años,,,,"['RANGO ETARIO', '30 a 34 años']",39
P1,A.1,POBLACIÓN EN CONTROL SEGÚN SALUD SEXUAL,P1200350,Condon Femenino,COL07,J,10,RANGO ETARIO - 35 a 39 años,RANGO ETARIO,35 a 39 años,,,,"['RANGO ETARIO', '35 a 39 años']",39
P1,A.1,POBLACIÓN EN CONTROL SEGÚN SALUD SEXUAL,P1200350,Condon Femenino,COL08,K,11,RANGO ETARIO - 40 a 44 años,RANGO ETARIO,40 a 44 años,,,,"['RANGO ETARIO', '40 a 44 años']",39
P1,A.1,POBLACIÓN EN CONTROL SEGÚN SALUD SEXUAL,P1200350,Condon Femenino,COL09,L,12,RANGO ETARIO - 45 a 49 años,RANGO ETARIO,45 a 49 años,,,,"['RANGO ETARIO', '45 a 49 años']",39
P1,A.1,POBLACIÓN EN CONTROL SEGÚN SALUD SEXUAL,P1200350,Condon Femenino,COL10,M,13,RANGO ETARIO - 50 a 54 años,RANGO ETARIO,50 a 54 años,,,,"['RANGO ETARIO', '50 a 54 años']",39
P1,A.1,POBLACIÓN EN CONTROL SEGÚN SALUD SEXUAL,P1200350,Condon Femenino,COL11,N,14,RANGO ETARIO - 55 a 59 años,RANGO ETARIO,55 a 59 años,,,,"['RANGO ETARIO', '55 a 59 años']",39
P1,A.1,POBLACIÓN EN CONTROL SEGÚN SALUD SEXUAL,P1200350,Condon Femenino,COL12,O,15,RANGO ETARIO - 60 a 64 años,RANGO ETARIO,60 a 64 años,,,,"['RANGO ETARIO', '60 a 64 años']",39
P1,A.1,POBLACIÓN EN CONTROL SEGÚN SALUD SEXUAL,P1200350,Condon Femenino,COL13,P,16,RANGO ETARIO - 65 a 69 años,RANGO ETARIO,65 a 69 años,,,,"['RANGO ETARIO', '65 a 69 años']",39
P1,A.1,POBLACIÓN EN CONTROL SEGÚN SALUD SEXUAL,P1200350,Condon Femenino,COL14,Q,17,RANGO ETARIO - 70 y más años,RANGO ETARIO,70 y más años,,,,"['RANGO ETARIO', '70 y más años']",39
P1,A.1,POBLACIÓN EN CONTROL SEGÚN SALUD SEXUAL,P1200350,Condon Femenino,COL15,R,18,Pueblos Originarios,Pueblos Originarios,,,,,['Pueblos Originarios'],39
P1,A.1,POBLACIÓN EN CONTROL SEGÚN SALUD SEXUAL,P1200350,Condon Femenino,COL16,S,19,Migrantes - Menor de 20 años,Migrantes,Menor de 20 años,,,,"['Migrantes', 'Menor de 20 años']",39
P1,A.1,POBLACIÓN EN CONTROL SEGÚN SALUD SEXUAL,P1200350,Condon Femenino,COL17,T,20,Migrantes - 20 años y más,Migrantes,20 años y más,,,,"['Migrantes', '20 años y más']",39
P1,A.1,POBLACIÓN EN CONTROL SEGÚN SALUD SEXUAL,P1200350,Condon Femenino,COL18,U,21,PV-VIH (personas viviendo con VIH),PV-VIH (personas viviendo con VIH),,,,,['PV-VIH (personas viviendo con VIH)'],39
P1,A.1,POBLACIÓN EN CONTROL SEGÚN SALUD SEXUAL,P1200350,Condon Femenino,COL19,V,22,Identidad de Género - Trans Masculino,Identidad de Género,Trans Masculino,,,,"['Identidad de Género', 'Trans Masculino']",39
P1,A.1,POBLACIÓN EN CONTROL SEGÚN SALUD SEXUAL,P1200350,Condon Femenino,COL20,W,23,Identidad de Género - Trans Femenino,Identidad de Género,Trans Femenino,,,,"['Identidad de Género', 'Trans Femenino']",39
P1,A.1,POBLACIÓN EN CONTROL SEGÚN SALUD SEXUAL,P1200350,Condon Femenino,COL21,X,24,Identidad de Género - No Binarie,Identidad de Género,No Binarie,,,,"['Identidad de Género', 'No Binarie']",39
P1,A.1,POBLACIÓN EN CONTROL SEGÚN SALUD SEXUAL,P1200350,Condon Femenino,COL22,Y,25,Personas con Discapacidad,Personas con Discapacidad,,,,,['Personas con Discapacidad'],39
P1,A.1,POBLACIÓN EN CONTROL SEGÚN SALUD SEXUAL,P1200270,Gestantes que reciben preservativo,COL01,D,4,TOTAL,TOTAL,,,,,['TOTAL'],40
P1,A.1,POBLACIÓN EN CONTROL SEGÚN SALUD SEXUAL,P1200270,Gestantes que reciben preservativo,COL02,E,5,RANGO ETARIO - Menor de 15 años,RANGO ETARIO,Menor de 15 años,,,,"['RANGO ETARIO', 'Menor de 15 años']",40
P1,A.1,POBLACIÓN EN CONTROL SEGÚN SALUD SEXUAL,P1200270,Gestantes que reciben preservativo,COL03,F,6,RANGO ETARIO - 15 a 19 años,RANGO ETARIO,15 a 19 años,,,,"['RANGO ETARIO', '15 a 19 años']",40
P1,A.1,POBLACIÓN EN CONTROL SEGÚN SALUD SEXUAL,P1200270,Gestantes que reciben preservativo,COL04,G,7,RANGO ETARIO - 20 a 24 años,RANGO ETARIO,20 a 24 años,,,,"['RANGO ETARIO', '20 a 24 años']",40
P1,A.1,POBLACIÓN EN CONTROL SEGÚN SALUD SEXUAL,P1200270,Gestantes que reciben preservativo,COL05,H,8,RANGO ETARIO - 25 a 29 años,RANGO ETARIO,25 a 29 años,,,,"['RANGO ETARIO', '25 a 29 años']",40
P1,A.1,POBLACIÓN EN CONTROL SEGÚN SALUD SEXUAL,P1200270,Gestantes que reciben preservativo,COL06,I,9,RANGO ETARIO - 30 a 34 años,RANGO ETARIO,30 a 34 años,,,,"['RANGO ETARIO', '30 a 34 años']",40
P1,A.1,POBLACIÓN EN CONTROL SEGÚN SALUD SEXUAL,P1200270,Gestantes que reciben preservativo,COL07,J,10,RANGO ETARIO - 35 a 39 años,RANGO ETARIO,35 a 39 años,,,,"['RANGO ETARIO', '35 a 39 años']",40
P1,A.1,POBLACIÓN EN CONTROL SEGÚN SALUD SEXUAL,P1200270,Gestantes que reciben preservativo,COL08,K,11,RANGO ETARIO - 40 a 44 años,RANGO ETARIO,40 a 44 años,,,,"['RANGO ETARIO', '40 a 44 años']",40
P1,A.1,POBLACIÓN EN CONTROL SEGÚN SALUD SEXUAL,P1200270,Gestantes que reciben preservativo,COL09,L,12,RANGO ETARIO - 45 a 49 años,RANGO ETARIO,45 a 49 años,,,,"['RANGO ETARIO', '45 a 49 años']",40
P1,A.1,POBLACIÓN EN CONTROL SEGÚN SALUD SEXUAL,P1200270,Gestantes que reciben preservativo,COL10,M,13,RANGO ETARIO - 50 a 54 años,RANGO ETARIO,50 a 54 años,,,,"['RANGO ETARIO', '50 a 54 años']",40
P1,A.1,POBLACIÓN EN CONTROL SEGÚN SALUD SEXUAL,P1200270,Gestantes que reciben preservativo,COL11,N,14,RANGO ETARIO - 55 a 59 años,RANGO ETARIO,55 a 59 años,,,,"['RANGO ETARIO', '55 a 59 años']",40
P1,A.1,POBLACIÓN EN CONTROL SEGÚN SALUD SEXUAL,P1200270,Gestantes que reciben preservativo,COL12,O,15,RANGO ETARIO - 60 a 64 años,RANGO ETARIO,60 a 64 años,,,,"['RANGO ETARIO', '60 a 64 años']",40
P1,A.1,POBLACIÓN EN CONTROL SEGÚN SALUD SEXUAL,P1200270,Gestantes que reciben preservativo,COL13,P,16,RANGO ETARIO - 65 a 69 años,RANGO ETARIO,65 a 69 años,,,,"['RANGO ETARIO', '65 a 69 años']",40
P1,A.1,POBLACIÓN EN CONTROL SEGÚN SALUD SEXUAL,P1200270,Gestantes que reciben preservativo,COL14,Q,17,RANGO ETARIO - 70 y más años,RANGO ETARIO,70 y más años,,,,"['RANGO ETARIO', '70 y más años']",40
P1,A.1,POBLACIÓN EN CONTROL SEGÚN SALUD SEXUAL,P1200270,Gestantes que reciben preservativo,COL15,R,18,Pueblos Originarios,Pueblos Originarios,,,,,['Pueblos Originarios'],40
P1,A.1,POBLACIÓN EN CONTROL SEGÚN SALUD SEXUAL,P1200270,Gestantes que reciben preservativo,COL16,S,19,Migrantes - Menor de 20 años,Migrantes,Menor de 20 años,,,,"['Migrantes', 'Menor de 20 años']",40
P1,A.1,POBLACIÓN EN CONTROL SEGÚN SALUD SEXUAL,P1200270,Gestantes que reciben preservativo,COL17,T,20,Migrantes - 20 años y más,Migrantes,20 años y más,,,,"['Migrantes', '20 años y más']",40
P1,A.1,POBLACIÓN EN CONTROL SEGÚN SALUD SEXUAL,P1200270,Gestantes que reciben preservativo,COL18,U,21,PV-VIH (personas viviendo con VIH),PV-VIH (personas viviendo con VIH),,,,,['PV-VIH (personas viviendo con VIH)'],40
P1,A.1,POBLACIÓN EN CONTROL SEGÚN SALUD SEXUAL,P1200270,Gestantes que reciben preservativo,COL19,V,22,Identidad de Género - Trans Masculino,Identidad de Género,Trans Masculino,,,,"['Identidad de Género', 'Trans Masculino']",40
P1,A.1,POBLACIÓN EN CONTROL SEGÚN SALUD SEXUAL,P1200270,Gestantes que reciben preservativo,COL20,W,23,Identidad de Género - Trans Femenino,Identidad de Género,Trans Femenino,,,,"['Identidad de Género', 'Trans Femenino']",40
P1,A.1,POBLACIÓN EN CONTROL SEGÚN SALUD SEXUAL,P1200270,Gestantes que reciben preservativo,COL21,X,24,Identidad de Género - No Binarie,Identidad de Género,No Binarie,,,,"['Identidad de Género', 'No Binarie']",40
P1,A.1,POBLACIÓN EN CONTROL SEGÚN SALUD SEXUAL,P1200270,Gestantes que reciben preservativo,COL22,Y,25,Personas con Discapacidad,Personas con Discapacidad,,,,,['Personas con Discapacidad'],40
P1,B,GESTANTES EN CONTROL CON EVALUACIÓN RIESGO BIOPSICOSOCIAL,P1020100,Menos de 15 años,COL01,C,3,Total de Gestantes en Control,Total de Gestantes en Control,,,,,['Total de Gestantes en Control'],44
P1,B,GESTANTES EN CONTROL CON EVALUACIÓN RIESGO BIOPSICOSOCIAL,P1020100,Menos de 15 años,COL02,D,4,En Riesgo Psicosocial,En Riesgo Psicosocial,,,,,['En Riesgo Psicosocial'],44
P1,B,GESTANTES EN CONTROL CON EVALUACIÓN RIESGO BIOPSICOSOCIAL,P1020100,Menos de 15 años,COL03,E,5,Con 3 o más Riesgos Psicosociales,Con 3 o más Riesgos Psicosociales,,,,,['Con 3 o más Riesgos Psicosociales'],44
P1,B,GESTANTES EN CONTROL CON EVALUACIÓN RIESGO BIOPSICOSOCIAL,P1020100,Menos de 15 años,COL04,F,6,Que presentan Violencia de género,Que presentan Violencia de género,,,,,['Que presentan Violencia de género'],44
P1,B,GESTANTES EN CONTROL CON EVALUACIÓN RIESGO BIOPSICOSOCIAL,P1020100,Menos de 15 años,COL05,G,7,Gestantes que presentan ARO,Gestantes que presentan ARO,,,,,['Gestantes que presentan ARO'],44
P1,B,GESTANTES EN CONTROL CON EVALUACIÓN RIESGO BIOPSICOSOCIAL,P1020100,Menos de 15 años,COL06,H,8,Pueblos Originarios,Pueblos Originarios,,,,,['Pueblos Originarios'],44
P1,B,GESTANTES EN CONTROL CON EVALUACIÓN RIESGO BIOPSICOSOCIAL,P1020100,Menos de 15 años,COL07,I,9,Migrantes,Migrantes,,,,,['Migrantes'],44
P1,B,GESTANTES EN CONTROL CON EVALUACIÓN RIESGO BIOPSICOSOCIAL,P1020100,Menos de 15 años,COL08,J,10,Identidad de Género - Trans Masculino,Identidad de Género,Trans Masculino,,,,"['Identidad de Género', 'Trans Masculino']",44
P1,B,GESTANTES EN CONTROL CON EVALUACIÓN RIESGO BIOPSICOSOCIAL,P1020100,Menos de 15 años,COL09,K,11,Identidad de Género - No Binarie,Identidad de Género,No Binarie,,,,"['Identidad de Género', 'No Binarie']",44
P1,B,GESTANTES EN CONTROL CON EVALUACIÓN RIESGO BIOPSICOSOCIAL,P1020100,Menos de 15 años,COL10,L,12,Personas con Discapacidad,Personas con Discapacidad,,,,,['Personas con Discapacidad'],44
P1,B,GESTANTES EN CONTROL CON EVALUACIÓN RIESGO BIOPSICOSOCIAL,P1020200,15 a 19 años,COL01,C,3,Total de Gestantes en Control,Total de Gestantes en Control,,,,,['Total de Gestantes en Control'],45
P1,B,GESTANTES EN CONTROL CON EVALUACIÓN RIESGO BIOPSICOSOCIAL,P1020200,15 a 19 años,COL02,D,4,En Riesgo Psicosocial,En Riesgo Psicosocial,,,,,['En Riesgo Psicosocial'],45
P1,B,GESTANTES EN CONTROL CON EVALUACIÓN RIESGO BIOPSICOSOCIAL,P1020200,15 a 19 años,COL03,E,5,Con 3 o más Riesgos Psicosociales,Con 3 o más Riesgos Psicosociales,,,,,['Con 3 o más Riesgos Psicosociales'],45
P1,B,GESTANTES EN CONTROL CON EVALUACIÓN RIESGO BIOPSICOSOCIAL,P1020200,15 a 19 años,COL04,F,6,Que presentan Violencia de género,Que presentan Violencia de género,,,,,['Que presentan Violencia de género'],45
P1,B,GESTANTES EN CONTROL CON EVALUACIÓN RIESGO BIOPSICOSOCIAL,P1020200,15 a 19 años,COL05,G,7,Gestantes que presentan ARO,Gestantes que presentan ARO,,,,,['Gestantes que presentan ARO'],45
P1,B,GESTANTES EN CONTROL CON EVALUACIÓN RIESGO BIOPSICOSOCIAL,P1020200,15 a 19 años,COL06,H,8,Pueblos Originarios,Pueblos Originarios,,,,,['Pueblos Originarios'],45
P1,B,GESTANTES EN CONTROL CON EVALUACIÓN RIESGO BIOPSICOSOCIAL,P1020200,15 a 19 años,COL07,I,9,Migrantes,Migrantes,,,,,['Migrantes'],45
P1,B,GESTANTES EN CONTROL CON EVALUACIÓN RIESGO BIOPSICOSOCIAL,P1020200,15 a 19 años,COL08,J,10,Identidad de Género - Trans Masculino,Identidad de Género,Trans Masculino,,,,"['Identidad de Género', 'Trans Masculino']",45
P1,B,GESTANTES EN CONTROL CON EVALUACIÓN RIESGO BIOPSICOSOCIAL,P1020200,15 a 19 años,COL09,K,11,Identidad de Género - No Binarie,Identidad de Género,No Binarie,,,,"['Identidad de Género', 'No Binarie']",45
P1,B,GESTANTES EN CONTROL CON EVALUACIÓN RIESGO BIOPSICOSOCIAL,P1020200,15 a 19 años,COL10,L,12,Personas con Discapacidad,Personas con Discapacidad,,,,,['Personas con Discapacidad'],45
P1,B,GESTANTES EN CONTROL CON EVALUACIÓN RIESGO BIOPSICOSOCIAL,P1040501,20 a 24 años,COL01,C,3,Total de Gestantes en Control,Total de Gestantes en Control,,,,,['Total de Gestantes en Control'],46
P1,B,GESTANTES EN CONTROL CON EVALUACIÓN RIESGO BIOPSICOSOCIAL,P1040501,20 a 24 años,COL02,D,4,En Riesgo Psicosocial,En Riesgo Psicosocial,,,,,['En Riesgo Psicosocial'],46
P1,B,GESTANTES EN CONTROL CON EVALUACIÓN RIESGO BIOPSICOSOCIAL,P1040501,20 a 24 años,COL03,E,5,Con 3 o más Riesgos Psicosociales,Con 3 o más Riesgos Psicosociales,,,,,['Con 3 o más Riesgos Psicosociales'],46
P1,B,GESTANTES EN CONTROL CON EVALUACIÓN RIESGO BIOPSICOSOCIAL,P1040501,20 a 24 años,COL04,F,6,Que presentan Violencia de género,Que presentan Violencia de género,,,,,['Que presentan Violencia de género'],46
P1,B,GESTANTES EN CONTROL CON EVALUACIÓN RIESGO BIOPSICOSOCIAL,P1040501,20 a 24 años,COL05,G,7,Gestantes que presentan ARO,Gestantes que presentan ARO,,,,,['Gestantes que presentan ARO'],46
P1,B,GESTANTES EN CONTROL CON EVALUACIÓN RIESGO BIOPSICOSOCIAL,P1040501,20 a 24 años,COL06,H,8,Pueblos Originarios,Pueblos Originarios,,,,,['Pueblos Originarios'],46
P1,B,GESTANTES EN CONTROL CON EVALUACIÓN RIESGO BIOPSICOSOCIAL,P1040501,20 a 24 años,COL07,I,9,Migrantes,Migrantes,,,,,['Migrantes'],46
P1,B,GESTANTES EN CONTROL CON EVALUACIÓN RIESGO BIOPSICOSOCIAL,P1040501,20 a 24 años,COL08,J,10,Identidad de Género - Trans Masculino,Identidad de Género,Trans Masculino,,,,"['Identidad de Género', 'Trans Masculino']",46
P1,B,GESTANTES EN CONTROL CON EVALUACIÓN RIESGO BIOPSICOSOCIAL,P1040501,20 a 24 años,COL09,K,11,Identidad de Género - No Binarie,Identidad de Género,No Binarie,,,,"['Identidad de Género', 'No Binarie']",46
P1,B,GESTANTES EN CONTROL CON EVALUACIÓN RIESGO BIOPSICOSOCIAL,P1040501,20 a 24 años,COL10,L,12,Personas con Discapacidad,Personas con Discapacidad,,,,,['Personas con Discapacidad'],46
P1,B,GESTANTES EN CONTROL CON EVALUACIÓN RIESGO BIOPSICOSOCIAL,P1060100,25 a 29 años,COL01,C,3,Total de Gestantes en Control,Total de Gestantes en Control,,,,,['Total de Gestantes en Control'],47
P1,B,GESTANTES EN CONTROL CON EVALUACIÓN RIESGO BIOPSICOSOCIAL,P1060100,25 a 29 años,COL02,D,4,En Riesgo Psicosocial,En Riesgo Psicosocial,,,,,['En Riesgo Psicosocial'],47
P1,B,GESTANTES EN CONTROL CON EVALUACIÓN RIESGO BIOPSICOSOCIAL,P1060100,25 a 29 años,COL03,E,5,Con 3 o más Riesgos Psicosociales,Con 3 o más Riesgos Psicosociales,,,,,['Con 3 o más Riesgos Psicosociales'],47
P1,B,GESTANTES EN CONTROL CON EVALUACIÓN RIESGO BIOPSICOSOCIAL,P1060100,25 a 29 años,COL04,F,6,Que presentan Violencia de género,Que presentan Violencia de género,,,,,['Que presentan Violencia de género'],47
P1,B,GESTANTES EN CONTROL CON EVALUACIÓN RIESGO BIOPSICOSOCIAL,P1060100,25 a 29 años,COL05,G,7,Gestantes que presentan ARO,Gestantes que presentan ARO,,,,,['Gestantes que presentan ARO'],47
P1,B,GESTANTES EN CONTROL CON EVALUACIÓN RIESGO BIOPSICOSOCIAL,P1060100,25 a 29 años,COL06,H,8,Pueblos Originarios,Pueblos Originarios,,,,,['Pueblos Originarios'],47
P1,B,GESTANTES EN CONTROL CON EVALUACIÓN RIESGO BIOPSICOSOCIAL,P1060100,25 a 29 años,COL07,I,9,Migrantes,Migrantes,,,,,['Migrantes'],47
P1,B,GESTANTES EN CONTROL CON EVALUACIÓN RIESGO BIOPSICOSOCIAL,P1060100,25 a 29 años,COL08,J,10,Identidad de Género - Trans Masculino,Identidad de Género,Trans Masculino,,,,"['Identidad de Género', 'Trans Masculino']",47
P1,B,GESTANTES EN CONTROL CON EVALUACIÓN RIESGO BIOPSICOSOCIAL,P1060100,25 a 29 años,COL09,K,11,Identidad de Género - No Binarie,Identidad de Género,No Binarie,,,,"['Identidad de Género', 'No Binarie']",47
P1,B,GESTANTES EN CONTROL CON EVALUACIÓN RIESGO BIOPSICOSOCIAL,P1060100,25 a 29 años,COL10,L,12,Personas con Discapacidad,Personas con Discapacidad,,,,,['Personas con Discapacidad'],47
P1,B,GESTANTES EN CONTROL CON EVALUACIÓN RIESGO BIOPSICOSOCIAL,P1060101,30 a 34 años,COL01,C,3,Total de Gestantes en Control,Total de Gestantes en Control,,,,,['Total de Gestantes en Control'],48
P1,B,GESTANTES EN CONTROL CON EVALUACIÓN RIESGO BIOPSICOSOCIAL,P1060101,30 a 34 años,COL02,D,4,En Riesgo Psicosocial,En Riesgo Psicosocial,,,,,['En Riesgo Psicosocial'],48
P1,B,GESTANTES EN CONTROL CON EVALUACIÓN RIESGO BIOPSICOSOCIAL,P1060101,30 a 34 años,COL03,E,5,Con 3 o más Riesgos Psicosociales,Con 3 o más Riesgos Psicosociales,,,,,['Con 3 o más Riesgos Psicosociales'],48
P1,B,GESTANTES EN CONTROL CON EVALUACIÓN RIESGO BIOPSICOSOCIAL,P1060101,30 a 34 años,COL04,F,6,Que presentan Violencia de género,Que presentan Violencia de género,,,,,['Que presentan Violencia de género'],48
P1,B,GESTANTES EN CONTROL CON EVALUACIÓN RIESGO BIOPSICOSOCIAL,P1060101,30 a 34 años,COL05,G,7,Gestantes que presentan ARO,Gestantes que presentan ARO,,,,,['Gestantes que presentan ARO'],48
P1,B,GESTANTES EN CONTROL CON EVALUACIÓN RIESGO BIOPSICOSOCIAL,P1060101,30 a 34 años,COL06,H,8,Pueblos Originarios,Pueblos Originarios,,,,,['Pueblos Originarios'],48
P1,B,GESTANTES EN CONTROL CON EVALUACIÓN RIESGO BIOPSICOSOCIAL,P1060101,30 a 34 años,COL07,I,9,Migrantes,Migrantes,,,,,['Migrantes'],48
P1,B,GESTANTES EN CONTROL CON EVALUACIÓN RIESGO BIOPSICOSOCIAL,P1060101,30 a 34 años,COL08,J,10,Identidad de Género - Trans Masculino,Identidad de Género,Trans Masculino,,,,"['Identidad de Género', 'Trans Masculino']",48
P1,B,GESTANTES EN CONTROL CON EVALUACIÓN RIESGO BIOPSICOSOCIAL,P1060101,30 a 34 años,COL09,K,11,Identidad de Género - No Binarie,Identidad de Género,No Binarie,,,,"['Identidad de Género', 'No Binarie']",48
P1,B,GESTANTES EN CONTROL CON EVALUACIÓN RIESGO BIOPSICOSOCIAL,P1060101,30 a 34 años,COL10,L,12,Personas con Discapacidad,Personas con Discapacidad,,,,,['Personas con Discapacidad'],48
P1,B,GESTANTES EN CONTROL CON EVALUACIÓN RIESGO BIOPSICOSOCIAL,P1060102,35 a 39 años,COL01,C,3,Total de Gestantes en Control,Total de Gestantes en Control,,,,,['Total de Gestantes en Control'],49
P1,B,GESTANTES EN CONTROL CON EVALUACIÓN RIESGO BIOPSICOSOCIAL,P1060102,35 a 39 años,COL02,D,4,En Riesgo Psicosocial,En Riesgo Psicosocial,,,,,['En Riesgo Psicosocial'],49
P1,B,GESTANTES EN CONTROL CON EVALUACIÓN RIESGO BIOPSICOSOCIAL,P1060102,35 a 39 años,COL03,E,5,Con 3 o más Riesgos Psicosociales,Con 3 o más Riesgos Psicosociales,,,,,['Con 3 o más Riesgos Psicosociales'],49
P1,B,GESTANTES EN CONTROL CON EVALUACIÓN RIESGO BIOPSICOSOCIAL,P1060102,35 a 39 años,COL04,F,6,Que presentan Violencia de género,Que presentan Violencia de género,,,,,['Que presentan Violencia de género'],49
P1,B,GESTANTES EN CONTROL CON EVALUACIÓN RIESGO BIOPSICOSOCIAL,P1060102,35 a 39 años,COL05,G,7,Gestantes que presentan ARO,Gestantes que presentan ARO,,,,,['Gestantes que presentan ARO'],49
P1,B,GESTANTES EN CONTROL CON EVALUACIÓN RIESGO BIOPSICOSOCIAL,P1060102,35 a 39 años,COL06,H,8,Pueblos Originarios,Pueblos Originarios,,,,,['Pueblos Originarios'],49
P1,B,GESTANTES EN CONTROL CON EVALUACIÓN RIESGO BIOPSICOSOCIAL,P1060102,35 a 39 años,COL07,I,9,Migrantes,Migrantes,,,,,['Migrantes'],49
P1,B,GESTANTES EN CONTROL CON EVALUACIÓN RIESGO BIOPSICOSOCIAL,P1060102,35 a 39 años,COL08,J,10,Identidad de Género - Trans Masculino,Identidad de Género,Trans Masculino,,,,"['Identidad de Género', 'Trans Masculino']",49
P1,B,GESTANTES EN CONTROL CON EVALUACIÓN RIESGO BIOPSICOSOCIAL,P1060102,35 a 39 años,COL09,K,11,Identidad de Género - No Binarie,Identidad de Género,No Binarie,,,,"['Identidad de Género', 'No Binarie']",49
P1,B,GESTANTES EN CONTROL CON EVALUACIÓN RIESGO BIOPSICOSOCIAL,P1060102,35 a 39 años,COL10,L,12,Personas con Discapacidad,Personas con Discapacidad,,,,,['Personas con Discapacidad'],49
P1,B,GESTANTES EN CONTROL CON EVALUACIÓN RIESGO BIOPSICOSOCIAL,P1060103,40 a 44 años,COL01,C,3,Total de Gestantes en Control,Total de Gestantes en Control,,,,,['Total de Gestantes en Control'],50
P1,B,GESTANTES EN CONTROL CON EVALUACIÓN RIESGO BIOPSICOSOCIAL,P1060103,40 a 44 años,COL02,D,4,En Riesgo Psicosocial,En Riesgo Psicosocial,,,,,['En Riesgo Psicosocial'],50
P1,B,GESTANTES EN CONTROL CON EVALUACIÓN RIESGO BIOPSICOSOCIAL,P1060103,40 a 44 años,COL03,E,5,Con 3 o más Riesgos Psicosociales,Con 3 o más Riesgos Psicosociales,,,,,['Con 3 o más Riesgos Psicosociales'],50
P1,B,GESTANTES EN CONTROL CON EVALUACIÓN RIESGO BIOPSICOSOCIAL,P1060103,40 a 44 años,COL04,F,6,Que presentan Violencia de género,Que presentan Violencia de género,,,,,['Que presentan Violencia de género'],50
P1,B,GESTANTES EN CONTROL CON EVALUACIÓN RIESGO BIOPSICOSOCIAL,P1060103,40 a 44 años,COL05,G,7,Gestantes que presentan ARO,Gestantes que presentan ARO,,,,,['Gestantes que presentan ARO'],50
P1,B,GESTANTES EN CONTROL CON EVALUACIÓN RIESGO BIOPSICOSOCIAL,P1060103,40 a 44 años,COL06,H,8,Pueblos Originarios,Pueblos Originarios,,,,,['Pueblos Originarios'],50
P1,B,GESTANTES EN CONTROL CON EVALUACIÓN RIESGO BIOPSICOSOCIAL,P1060103,40 a 44 años,COL07,I,9,Migrantes,Migrantes,,,,,['Migrantes'],50
P1,B,GESTANTES EN CONTROL CON EVALUACIÓN RIESGO BIOPSICOSOCIAL,P1060103,40 a 44 años,COL08,J,10,Identidad de Género - Trans Masculino,Identidad de Género,Trans Masculino,,,,"['Identidad de Género', 'Trans Masculino']",50
P1,B,GESTANTES EN CONTROL CON EVALUACIÓN RIESGO BIOPSICOSOCIAL,P1060103,40 a 44 años,COL09,K,11,Identidad de Género - No Binarie,Identidad de Género,No Binarie,,,,"['Identidad de Género', 'No Binarie']",50
P1,B,GESTANTES EN CONTROL CON EVALUACIÓN RIESGO BIOPSICOSOCIAL,P1060103,40 a 44 años,COL10,L,12,Personas con Discapacidad,Personas con Discapacidad,,,,,['Personas con Discapacidad'],50
P1,B,GESTANTES EN CONTROL CON EVALUACIÓN RIESGO BIOPSICOSOCIAL,P1060104,45 a 49 años,COL01,C,3,Total de Gestantes en Control,Total de Gestantes en Control,,,,,['Total de Gestantes en Control'],51
P1,B,GESTANTES EN CONTROL CON EVALUACIÓN RIESGO BIOPSICOSOCIAL,P1060104,45 a 49 años,COL02,D,4,En Riesgo Psicosocial,En Riesgo Psicosocial,,,,,['En Riesgo Psicosocial'],51
P1,B,GESTANTES EN CONTROL CON EVALUACIÓN RIESGO BIOPSICOSOCIAL,P1060104,45 a 49 años,COL03,E,5,Con 3 o más Riesgos Psicosociales,Con 3 o más Riesgos Psicosociales,,,,,['Con 3 o más Riesgos Psicosociales'],51
P1,B,GESTANTES EN CONTROL CON EVALUACIÓN RIESGO BIOPSICOSOCIAL,P1060104,45 a 49 años,COL04,F,6,Que presentan Violencia de género,Que presentan Violencia de género,,,,,['Que presentan Violencia de género'],51
P1,B,GESTANTES EN CONTROL CON EVALUACIÓN RIESGO BIOPSICOSOCIAL,P1060104,45 a 49 años,COL05,G,7,Gestantes que presentan ARO,Gestantes que presentan ARO,,,,,['Gestantes que presentan ARO'],51
P1,B,GESTANTES EN CONTROL CON EVALUACIÓN RIESGO BIOPSICOSOCIAL,P1060104,45 a 49 años,COL06,H,8,Pueblos Originarios,Pueblos Originarios,,,,,['Pueblos Originarios'],51
P1,B,GESTANTES EN CONTROL CON EVALUACIÓN RIESGO BIOPSICOSOCIAL,P1060104,45 a 49 años,COL07,I,9,Migrantes,Migrantes,,,,,['Migrantes'],51
P1,B,GESTANTES EN CONTROL CON EVALUACIÓN RIESGO BIOPSICOSOCIAL,P1060104,45 a 49 años,COL08,J,10,Identidad de Género - Trans Masculino,Identidad de Género,Trans Masculino,,,,"['Identidad de Género', 'Trans Masculino']",51
P1,B,GESTANTES EN CONTROL CON EVALUACIÓN RIESGO BIOPSICOSOCIAL,P1060104,45 a 49 años,COL09,K,11,Identidad de Género - No Binarie,Identidad de Género,No Binarie,,,,"['Identidad de Género', 'No Binarie']",51
P1,B,GESTANTES EN CONTROL CON EVALUACIÓN RIESGO BIOPSICOSOCIAL,P1060104,45 a 49 años,COL10,L,12,Personas con Discapacidad,Personas con Discapacidad,,,,,['Personas con Discapacidad'],51
P1,B,GESTANTES EN CONTROL CON EVALUACIÓN RIESGO BIOPSICOSOCIAL,P1060105,50 a 54 años,COL01,C,3,Total de Gestantes en Control,Total de Gestantes en Control,,,,,['Total de Gestantes en Control'],52
P1,B,GESTANTES EN CONTROL CON EVALUACIÓN RIESGO BIOPSICOSOCIAL,P1060105,50 a 54 años,COL02,D,4,En Riesgo Psicosocial,En Riesgo Psicosocial,,,,,['En Riesgo Psicosocial'],52
P1,B,GESTANTES EN CONTROL CON EVALUACIÓN RIESGO BIOPSICOSOCIAL,P1060105,50 a 54 años,COL03,E,5,Con 3 o más Riesgos Psicosociales,Con 3 o más Riesgos Psicosociales,,,,,['Con 3 o más Riesgos Psicosociales'],52
P1,B,GESTANTES EN CONTROL CON EVALUACIÓN RIESGO BIOPSICOSOCIAL,P1060105,50 a 54 años,COL04,F,6,Que presentan Violencia de género,Que presentan Violencia de género,,,,,['Que presentan Violencia de género'],52
P1,B,GESTANTES EN CONTROL CON EVALUACIÓN RIESGO BIOPSICOSOCIAL,P1060105,50 a 54 años,COL05,G,7,Gestantes que presentan ARO,Gestantes que presentan ARO,,,,,['Gestantes que presentan ARO'],52
P1,B,GESTANTES EN CONTROL CON EVALUACIÓN RIESGO BIOPSICOSOCIAL,P1060105,50 a 54 años,COL06,H,8,Pueblos Originarios,Pueblos Originarios,,,,,['Pueblos Originarios'],52
P1,B,GESTANTES EN CONTROL CON EVALUACIÓN RIESGO BIOPSICOSOCIAL,P1060105,50 a 54 años,COL07,I,9,Migrantes,Migrantes,,,,,['Migrantes'],52
P1,B,GESTANTES EN CONTROL CON EVALUACIÓN RIESGO BIOPSICOSOCIAL,P1060105,50 a 54 años,COL08,J,10,Identidad de Género - Trans Masculino,Identidad de Género,Trans Masculino,,,,"['Identidad de Género', 'Trans Masculino']",52
P1,B,GESTANTES EN CONTROL CON EVALUACIÓN RIESGO BIOPSICOSOCIAL,P1060105,50 a 54 años,COL09,K,11,Identidad de Género - No Binarie,Identidad de Género,No Binarie,,,,"['Identidad de Género', 'No Binarie']",52
P1,B,GESTANTES EN CONTROL CON EVALUACIÓN RIESGO BIOPSICOSOCIAL,P1060105,50 a 54 años,COL10,L,12,Personas con Discapacidad,Personas con Discapacidad,,,,,['Personas con Discapacidad'],52
P1,C,GESTANTES EN RIESGO PSICOSOCIAL CON VISITA DOMICILIARIA INTEGRAL REALIZADA EN EL SEMESTRE,P1040502,1 Visita,COL01,C,3,N° Gestantes con VDI,N° Gestantes con VDI,,,,,['N° Gestantes con VDI'],57
P1,C,GESTANTES EN RIESGO PSICOSOCIAL CON VISITA DOMICILIARIA INTEGRAL REALIZADA EN EL SEMESTRE,P1040502,1 Visita,COL02,D,4,TOTAL de Visitas,TOTAL de Visitas,,,,,['TOTAL de Visitas'],57
P1,C,GESTANTES EN RIESGO PSICOSOCIAL CON VISITA DOMICILIARIA INTEGRAL REALIZADA EN EL SEMESTRE,P1040502,1 Visita,COL03,E,5,N° Gestantes 3 ó más riesgos con VDI,N° Gestantes 3 ó más riesgos con VDI,,,,,['N° Gestantes 3 ó más riesgos con VDI'],57
P1,C,GESTANTES EN RIESGO PSICOSOCIAL CON VISITA DOMICILIARIA INTEGRAL REALIZADA EN EL SEMESTRE,P1040503,2 Visitas,COL01,C,3,N° Gestantes con VDI,N° Gestantes con VDI,,,,,['N° Gestantes con VDI'],58
P1,C,GESTANTES EN RIESGO PSICOSOCIAL CON VISITA DOMICILIARIA INTEGRAL REALIZADA EN EL SEMESTRE,P1040503,2 Visitas,COL02,D,4,TOTAL de Visitas,TOTAL de Visitas,,,,,['TOTAL de Visitas'],58
P1,C,GESTANTES EN RIESGO PSICOSOCIAL CON VISITA DOMICILIARIA INTEGRAL REALIZADA EN EL SEMESTRE,P1040503,2 Visitas,COL03,E,5,N° Gestantes 3 ó más riesgos con VDI,N° Gestantes 3 ó más riesgos con VDI,,,,,['N° Gestantes 3 ó más riesgos con VDI'],58
P1,C,GESTANTES EN RIESGO PSICOSOCIAL CON VISITA DOMICILIARIA INTEGRAL REALIZADA EN EL SEMESTRE,P1040504,3 Visitas,COL01,C,3,N° Gestantes con VDI,N° Gestantes con VDI,,,,,['N° Gestantes con VDI'],59
P1,C,GESTANTES EN RIESGO PSICOSOCIAL CON VISITA DOMICILIARIA INTEGRAL REALIZADA EN EL SEMESTRE,P1040504,3 Visitas,COL02,D,4,TOTAL de Visitas,TOTAL de Visitas,,,,,['TOTAL de Visitas'],59
P1,C,GESTANTES EN RIESGO PSICOSOCIAL CON VISITA DOMICILIARIA INTEGRAL REALIZADA EN EL SEMESTRE,P1040504,3 Visitas,COL03,E,5,N° Gestantes 3 ó más riesgos con VDI,N° Gestantes 3 ó más riesgos con VDI,,,,,['N° Gestantes 3 ó más riesgos con VDI'],59
P1,C,GESTANTES EN RIESGO PSICOSOCIAL CON VISITA DOMICILIARIA INTEGRAL REALIZADA EN EL SEMESTRE,P1040505,4 y más Visitas,COL01,C,3,N° Gestantes con VDI,N° Gestantes con VDI,,,,,['N° Gestantes con VDI'],60
P1,C,GESTANTES EN RIESGO PSICOSOCIAL CON VISITA DOMICILIARIA INTEGRAL REALIZADA EN EL SEMESTRE,P1040505,4 y más Visitas,COL02,D,4,TOTAL de Visitas,TOTAL de Visitas,,,,,['TOTAL de Visitas'],60
P1,C,GESTANTES EN RIESGO PSICOSOCIAL CON VISITA DOMICILIARIA INTEGRAL REALIZADA EN EL SEMESTRE,P1040505,4 y más Visitas,COL03,E,5,N° Gestantes 3 ó más riesgos con VDI,N° Gestantes 3 ó más riesgos con VDI,,,,,['N° Gestantes 3 ó más riesgos con VDI'],60
P1,D,"GESTANTES Y PERSONAS DE 8° MES POST-PARTO EN CONTROL, SEGÚN ESTADO NUTRICIONAL",P1030101,Gestantes en Control (Información a la fecha de corte) - Obesa,COL01,D,4,TOTAL,TOTAL,,,,,['TOTAL'],65
P1,D,"GESTANTES Y PERSONAS DE 8° MES POST-PARTO EN CONTROL, SEGÚN ESTADO NUTRICIONAL",P1030101,Gestantes en Control (Información a la fecha de corte) - Obesa,COL02,E,5,RANGO ETARIO - Menos 15 años,RANGO ETARIO,Menos 15 años,,,,"['RANGO ETARIO', 'Menos 15 años']",65
P1,D,"GESTANTES Y PERSONAS DE 8° MES POST-PARTO EN CONTROL, SEGÚN ESTADO NUTRICIONAL",P1030101,Gestantes en Control (Información a la fecha de corte) - Obesa,COL03,F,6,RANGO ETARIO - 15 a 19 años,RANGO ETARIO,15 a 19 años,,,,"['RANGO ETARIO', '15 a 19 años']",65
P1,D,"GESTANTES Y PERSONAS DE 8° MES POST-PARTO EN CONTROL, SEGÚN ESTADO NUTRICIONAL",P1030101,Gestantes en Control (Información a la fecha de corte) - Obesa,COL04,G,7,RANGO ETARIO - 20 a 24 años,RANGO ETARIO,20 a 24 años,,,,"['RANGO ETARIO', '20 a 24 años']",65
P1,D,"GESTANTES Y PERSONAS DE 8° MES POST-PARTO EN CONTROL, SEGÚN ESTADO NUTRICIONAL",P1030101,Gestantes en Control (Información a la fecha de corte) - Obesa,COL05,H,8,RANGO ETARIO - 25 a 29 años,RANGO ETARIO,25 a 29 años,,,,"['RANGO ETARIO', '25 a 29 años']",65
P1,D,"GESTANTES Y PERSONAS DE 8° MES POST-PARTO EN CONTROL, SEGÚN ESTADO NUTRICIONAL",P1030101,Gestantes en Control (Información a la fecha de corte) - Obesa,COL06,I,9,RANGO ETARIO - 30 a 34 años,RANGO ETARIO,30 a 34 años,,,,"['RANGO ETARIO', '30 a 34 años']",65
P1,D,"GESTANTES Y PERSONAS DE 8° MES POST-PARTO EN CONTROL, SEGÚN ESTADO NUTRICIONAL",P1030101,Gestantes en Control (Información a la fecha de corte) - Obesa,COL07,J,10,RANGO ETARIO - 35 a 39 años,RANGO ETARIO,35 a 39 años,,,,"['RANGO ETARIO', '35 a 39 años']",65
P1,D,"GESTANTES Y PERSONAS DE 8° MES POST-PARTO EN CONTROL, SEGÚN ESTADO NUTRICIONAL",P1030101,Gestantes en Control (Información a la fecha de corte) - Obesa,COL08,K,11,RANGO ETARIO - 40 a 44 años,RANGO ETARIO,40 a 44 años,,,,"['RANGO ETARIO', '40 a 44 años']",65
P1,D,"GESTANTES Y PERSONAS DE 8° MES POST-PARTO EN CONTROL, SEGÚN ESTADO NUTRICIONAL",P1030101,Gestantes en Control (Información a la fecha de corte) - Obesa,COL09,L,12,RANGO ETARIO - 45 a 49 años,RANGO ETARIO,45 a 49 años,,,,"['RANGO ETARIO', '45 a 49 años']",65
P1,D,"GESTANTES Y PERSONAS DE 8° MES POST-PARTO EN CONTROL, SEGÚN ESTADO NUTRICIONAL",P1030101,Gestantes en Control (Información a la fecha de corte) - Obesa,COL10,M,13,RANGO ETARIO - 50 a 54 años,RANGO ETARIO,50 a 54 años,,,,"['RANGO ETARIO', '50 a 54 años']",65
P1,D,"GESTANTES Y PERSONAS DE 8° MES POST-PARTO EN CONTROL, SEGÚN ESTADO NUTRICIONAL",P1030102,Gestantes en Control (Información a la fecha de corte) - Sobrepeso,COL01,D,4,TOTAL,TOTAL,,,,,['TOTAL'],66
P1,D,"GESTANTES Y PERSONAS DE 8° MES POST-PARTO EN CONTROL, SEGÚN ESTADO NUTRICIONAL",P1030102,Gestantes en Control (Información a la fecha de corte) - Sobrepeso,COL02,E,5,RANGO ETARIO - Menos 15 años,RANGO ETARIO,Menos 15 años,,,,"['RANGO ETARIO', 'Menos 15 años']",66
P1,D,"GESTANTES Y PERSONAS DE 8° MES POST-PARTO EN CONTROL, SEGÚN ESTADO NUTRICIONAL",P1030102,Gestantes en Control (Información a la fecha de corte) - Sobrepeso,COL03,F,6,RANGO ETARIO - 15 a 19 años,RANGO ETARIO,15 a 19 años,,,,"['RANGO ETARIO', '15 a 19 años']",66
P1,D,"GESTANTES Y PERSONAS DE 8° MES POST-PARTO EN CONTROL, SEGÚN ESTADO NUTRICIONAL",P1030102,Gestantes en Control (Información a la fecha de corte) - Sobrepeso,COL04,G,7,RANGO ETARIO - 20 a 24 años,RANGO ETARIO,20 a 24 años,,,,"['RANGO ETARIO', '20 a 24 años']",66
P1,D,"GESTANTES Y PERSONAS DE 8° MES POST-PARTO EN CONTROL, SEGÚN ESTADO NUTRICIONAL",P1030102,Gestantes en Control (Información a la fecha de corte) - Sobrepeso,COL05,H,8,RANGO ETARIO - 25 a 29 años,RANGO ETARIO,25 a 29 años,,,,"['RANGO ETARIO', '25 a 29 años']",66
P1,D,"GESTANTES Y PERSONAS DE 8° MES POST-PARTO EN CONTROL, SEGÚN ESTADO NUTRICIONAL",P1030102,Gestantes en Control (Información a la fecha de corte) - Sobrepeso,COL06,I,9,RANGO ETARIO - 30 a 34 años,RANGO ETARIO,30 a 34 años,,,,"['RANGO ETARIO', '30 a 34 años']",66
P1,D,"GESTANTES Y PERSONAS DE 8° MES POST-PARTO EN CONTROL, SEGÚN ESTADO NUTRICIONAL",P1030102,Gestantes en Control (Información a la fecha de corte) - Sobrepeso,COL07,J,10,RANGO ETARIO - 35 a 39 años,RANGO ETARIO,35 a 39 años,,,,"['RANGO ETARIO', '35 a 39 años']",66
P1,D,"GESTANTES Y PERSONAS DE 8° MES POST-PARTO EN CONTROL, SEGÚN ESTADO NUTRICIONAL",P1030102,Gestantes en Control (Información a la fecha de corte) - Sobrepeso,COL08,K,11,RANGO ETARIO - 40 a 44 años,RANGO ETARIO,40 a 44 años,,,,"['RANGO ETARIO', '40 a 44 años']",66
P1,D,"GESTANTES Y PERSONAS DE 8° MES POST-PARTO EN CONTROL, SEGÚN ESTADO NUTRICIONAL",P1030102,Gestantes en Control (Información a la fecha de corte) - Sobrepeso,COL09,L,12,RANGO ETARIO - 45 a 49 años,RANGO ETARIO,45 a 49 años,,,,"['RANGO ETARIO', '45 a 49 años']",66
P1,D,"GESTANTES Y PERSONAS DE 8° MES POST-PARTO EN CONTROL, SEGÚN ESTADO NUTRICIONAL",P1030102,Gestantes en Control (Información a la fecha de corte) - Sobrepeso,COL10,M,13,RANGO ETARIO - 50 a 54 años,RANGO ETARIO,50 a 54 años,,,,"['RANGO ETARIO', '50 a 54 años']",66
P1,D,"GESTANTES Y PERSONAS DE 8° MES POST-PARTO EN CONTROL, SEGÚN ESTADO NUTRICIONAL",P1030103,Gestantes en Control (Información a la fecha de corte) - Normal,COL01,D,4,TOTAL,TOTAL,,,,,['TOTAL'],67
P1,D,"GESTANTES Y PERSONAS DE 8° MES POST-PARTO EN CONTROL, SEGÚN ESTADO NUTRICIONAL",P1030103,Gestantes en Control (Información a la fecha de corte) - Normal,COL02,E,5,RANGO ETARIO - Menos 15 años,RANGO ETARIO,Menos 15 años,,,,"['RANGO ETARIO', 'Menos 15 años']",67
P1,D,"GESTANTES Y PERSONAS DE 8° MES POST-PARTO EN CONTROL, SEGÚN ESTADO NUTRICIONAL",P1030103,Gestantes en Control (Información a la fecha de corte) - Normal,COL03,F,6,RANGO ETARIO - 15 a 19 años,RANGO ETARIO,15 a 19 años,,,,"['RANGO ETARIO', '15 a 19 años']",67
P1,D,"GESTANTES Y PERSONAS DE 8° MES POST-PARTO EN CONTROL, SEGÚN ESTADO NUTRICIONAL",P1030103,Gestantes en Control (Información a la fecha de corte) - Normal,COL04,G,7,RANGO ETARIO - 20 a 24 años,RANGO ETARIO,20 a 24 años,,,,"['RANGO ETARIO', '20 a 24 años']",67
P1,D,"GESTANTES Y PERSONAS DE 8° MES POST-PARTO EN CONTROL, SEGÚN ESTADO NUTRICIONAL",P1030103,Gestantes en Control (Información a la fecha de corte) - Normal,COL05,H,8,RANGO ETARIO - 25 a 29 años,RANGO ETARIO,25 a 29 años,,,,"['RANGO ETARIO', '25 a 29 años']",67
P1,D,"GESTANTES Y PERSONAS DE 8° MES POST-PARTO EN CONTROL, SEGÚN ESTADO NUTRICIONAL",P1030103,Gestantes en Control (Información a la fecha de corte) - Normal,COL06,I,9,RANGO ETARIO - 30 a 34 años,RANGO ETARIO,30 a 34 años,,,,"['RANGO ETARIO', '30 a 34 años']",67
P1,D,"GESTANTES Y PERSONAS DE 8° MES POST-PARTO EN CONTROL, SEGÚN ESTADO NUTRICIONAL",P1030103,Gestantes en Control (Información a la fecha de corte) - Normal,COL07,J,10,RANGO ETARIO - 35 a 39 años,RANGO ETARIO,35 a 39 años,,,,"['RANGO ETARIO', '35 a 39 años']",67
P1,D,"GESTANTES Y PERSONAS DE 8° MES POST-PARTO EN CONTROL, SEGÚN ESTADO NUTRICIONAL",P1030103,Gestantes en Control (Información a la fecha de corte) - Normal,COL08,K,11,RANGO ETARIO - 40 a 44 años,RANGO ETARIO,40 a 44 años,,,,"['RANGO ETARIO', '40 a 44 años']",67
P1,D,"GESTANTES Y PERSONAS DE 8° MES POST-PARTO EN CONTROL, SEGÚN ESTADO NUTRICIONAL",P1030103,Gestantes en Control (Información a la fecha de corte) - Normal,COL09,L,12,RANGO ETARIO - 45 a 49 años,RANGO ETARIO,45 a 49 años,,,,"['RANGO ETARIO', '45 a 49 años']",67
P1,D,"GESTANTES Y PERSONAS DE 8° MES POST-PARTO EN CONTROL, SEGÚN ESTADO NUTRICIONAL",P1030103,Gestantes en Control (Información a la fecha de corte) - Normal,COL10,M,13,RANGO ETARIO - 50 a 54 años,RANGO ETARIO,50 a 54 años,,,,"['RANGO ETARIO', '50 a 54 años']",67
P1,D,"GESTANTES Y PERSONAS DE 8° MES POST-PARTO EN CONTROL, SEGÚN ESTADO NUTRICIONAL",P1030104,Gestantes en Control (Información a la fecha de corte) - Bajo Peso,COL01,D,4,TOTAL,TOTAL,,,,,['TOTAL'],68
P1,D,"GESTANTES Y PERSONAS DE 8° MES POST-PARTO EN CONTROL, SEGÚN ESTADO NUTRICIONAL",P1030104,Gestantes en Control (Información a la fecha de corte) - Bajo Peso,COL02,E,5,RANGO ETARIO - Menos 15 años,RANGO ETARIO,Menos 15 años,,,,"['RANGO ETARIO', 'Menos 15 años']",68
P1,D,"GESTANTES Y PERSONAS DE 8° MES POST-PARTO EN CONTROL, SEGÚN ESTADO NUTRICIONAL",P1030104,Gestantes en Control (Información a la fecha de corte) - Bajo Peso,COL03,F,6,RANGO ETARIO - 15 a 19 años,RANGO ETARIO,15 a 19 años,,,,"['RANGO ETARIO', '15 a 19 años']",68
P1,D,"GESTANTES Y PERSONAS DE 8° MES POST-PARTO EN CONTROL, SEGÚN ESTADO NUTRICIONAL",P1030104,Gestantes en Control (Información a la fecha de corte) - Bajo Peso,COL04,G,7,RANGO ETARIO - 20 a 24 años,RANGO ETARIO,20 a 24 años,,,,"['RANGO ETARIO', '20 a 24 años']",68
P1,D,"GESTANTES Y PERSONAS DE 8° MES POST-PARTO EN CONTROL, SEGÚN ESTADO NUTRICIONAL",P1030104,Gestantes en Control (Información a la fecha de corte) - Bajo Peso,COL05,H,8,RANGO ETARIO - 25 a 29 años,RANGO ETARIO,25 a 29 años,,,,"['RANGO ETARIO', '25 a 29 años']",68
P1,D,"GESTANTES Y PERSONAS DE 8° MES POST-PARTO EN CONTROL, SEGÚN ESTADO NUTRICIONAL",P1030104,Gestantes en Control (Información a la fecha de corte) - Bajo Peso,COL06,I,9,RANGO ETARIO - 30 a 34 años,RANGO ETARIO,30 a 34 años,,,,"['RANGO ETARIO', '30 a 34 años']",68
P1,D,"GESTANTES Y PERSONAS DE 8° MES POST-PARTO EN CONTROL, SEGÚN ESTADO NUTRICIONAL",P1030104,Gestantes en Control (Información a la fecha de corte) - Bajo Peso,COL07,J,10,RANGO ETARIO - 35 a 39 años,RANGO ETARIO,35 a 39 años,,,,"['RANGO ETARIO', '35 a 39 años']",68
P1,D,"GESTANTES Y PERSONAS DE 8° MES POST-PARTO EN CONTROL, SEGÚN ESTADO NUTRICIONAL",P1030104,Gestantes en Control (Información a la fecha de corte) - Bajo Peso,COL08,K,11,RANGO ETARIO - 40 a 44 años,RANGO ETARIO,40 a 44 años,,,,"['RANGO ETARIO', '40 a 44 años']",68
P1,D,"GESTANTES Y PERSONAS DE 8° MES POST-PARTO EN CONTROL, SEGÚN ESTADO NUTRICIONAL",P1030104,Gestantes en Control (Información a la fecha de corte) - Bajo Peso,COL09,L,12,RANGO ETARIO - 45 a 49 años,RANGO ETARIO,45 a 49 años,,,,"['RANGO ETARIO', '45 a 49 años']",68
P1,D,"GESTANTES Y PERSONAS DE 8° MES POST-PARTO EN CONTROL, SEGÚN ESTADO NUTRICIONAL",P1030104,Gestantes en Control (Información a la fecha de corte) - Bajo Peso,COL10,M,13,RANGO ETARIO - 50 a 54 años,RANGO ETARIO,50 a 54 años,,,,"['RANGO ETARIO', '50 a 54 años']",68
P1,D,"GESTANTES Y PERSONAS DE 8° MES POST-PARTO EN CONTROL, SEGÚN ESTADO NUTRICIONAL",P1030201,Control al 8º mes Post-Parto (Información del semestre) - Obesa,COL01,D,4,TOTAL,TOTAL,,,,,['TOTAL'],70
P1,D,"GESTANTES Y PERSONAS DE 8° MES POST-PARTO EN CONTROL, SEGÚN ESTADO NUTRICIONAL",P1030201,Control al 8º mes Post-Parto (Información del semestre) - Obesa,COL02,E,5,RANGO ETARIO - Menos 15 años,RANGO ETARIO,Menos 15 años,,,,"['RANGO ETARIO', 'Menos 15 años']",70
P1,D,"GESTANTES Y PERSONAS DE 8° MES POST-PARTO EN CONTROL, SEGÚN ESTADO NUTRICIONAL",P1030201,Control al 8º mes Post-Parto (Información del semestre) - Obesa,COL03,F,6,RANGO ETARIO - 15 a 19 años,RANGO ETARIO,15 a 19 años,,,,"['RANGO ETARIO', '15 a 19 años']",70
P1,D,"GESTANTES Y PERSONAS DE 8° MES POST-PARTO EN CONTROL, SEGÚN ESTADO NUTRICIONAL",P1030201,Control al 8º mes Post-Parto (Información del semestre) - Obesa,COL04,G,7,RANGO ETARIO - 20 a 24 años,RANGO ETARIO,20 a 24 años,,,,"['RANGO ETARIO', '20 a 24 años']",70
P1,D,"GESTANTES Y PERSONAS DE 8° MES POST-PARTO EN CONTROL, SEGÚN ESTADO NUTRICIONAL",P1030201,Control al 8º mes Post-Parto (Información del semestre) - Obesa,COL05,H,8,RANGO ETARIO - 25 a 29 años,RANGO ETARIO,25 a 29 años,,,,"['RANGO ETARIO', '25 a 29 años']",70
P1,D,"GESTANTES Y PERSONAS DE 8° MES POST-PARTO EN CONTROL, SEGÚN ESTADO NUTRICIONAL",P1030201,Control al 8º mes Post-Parto (Información del semestre) - Obesa,COL06,I,9,RANGO ETARIO - 30 a 34 años,RANGO ETARIO,30 a 34 años,,,,"['RANGO ETARIO', '30 a 34 años']",70
P1,D,"GESTANTES Y PERSONAS DE 8° MES POST-PARTO EN CONTROL, SEGÚN ESTADO NUTRICIONAL",P1030201,Control al 8º mes Post-Parto (Información del semestre) - Obesa,COL07,J,10,RANGO ETARIO - 35 a 39 años,RANGO ETARIO,35 a 39 años,,,,"['RANGO ETARIO', '35 a 39 años']",70
P1,D,"GESTANTES Y PERSONAS DE 8° MES POST-PARTO EN CONTROL, SEGÚN ESTADO NUTRICIONAL",P1030201,Control al 8º mes Post-Parto (Información del semestre) - Obesa,COL08,K,11,RANGO ETARIO - 40 a 44 años,RANGO ETARIO,40 a 44 años,,,,"['RANGO ETARIO', '40 a 44 años']",70
P1,D,"GESTANTES Y PERSONAS DE 8° MES POST-PARTO EN CONTROL, SEGÚN ESTADO NUTRICIONAL",P1030201,Control al 8º mes Post-Parto (Información del semestre) - Obesa,COL09,L,12,RANGO ETARIO - 45 a 49 años,RANGO ETARIO,45 a 49 años,,,,"['RANGO ETARIO', '45 a 49 años']",70
P1,D,"GESTANTES Y PERSONAS DE 8° MES POST-PARTO EN CONTROL, SEGÚN ESTADO NUTRICIONAL",P1030201,Control al 8º mes Post-Parto (Información del semestre) - Obesa,COL10,M,13,RANGO ETARIO - 50 a 54 años,RANGO ETARIO,50 a 54 años,,,,"['RANGO ETARIO', '50 a 54 años']",70
P1,D,"GESTANTES Y PERSONAS DE 8° MES POST-PARTO EN CONTROL, SEGÚN ESTADO NUTRICIONAL",P1030202,Control al 8º mes Post-Parto (Información del semestre) - Sobrepeso,COL01,D,4,TOTAL,TOTAL,,,,,['TOTAL'],71
P1,D,"GESTANTES Y PERSONAS DE 8° MES POST-PARTO EN CONTROL, SEGÚN ESTADO NUTRICIONAL",P1030202,Control al 8º mes Post-Parto (Información del semestre) - Sobrepeso,COL02,E,5,RANGO ETARIO - Menos 15 años,RANGO ETARIO,Menos 15 años,,,,"['RANGO ETARIO', 'Menos 15 años']",71
P1,D,"GESTANTES Y PERSONAS DE 8° MES POST-PARTO EN CONTROL, SEGÚN ESTADO NUTRICIONAL",P1030202,Control al 8º mes Post-Parto (Información del semestre) - Sobrepeso,COL03,F,6,RANGO ETARIO - 15 a 19 años,RANGO ETARIO,15 a 19 años,,,,"['RANGO ETARIO', '15 a 19 años']",71
P1,D,"GESTANTES Y PERSONAS DE 8° MES POST-PARTO EN CONTROL, SEGÚN ESTADO NUTRICIONAL",P1030202,Control al 8º mes Post-Parto (Información del semestre) - Sobrepeso,COL04,G,7,RANGO ETARIO - 20 a 24 años,RANGO ETARIO,20 a 24 años,,,,"['RANGO ETARIO', '20 a 24 años']",71
P1,D,"GESTANTES Y PERSONAS DE 8° MES POST-PARTO EN CONTROL, SEGÚN ESTADO NUTRICIONAL",P1030202,Control al 8º mes Post-Parto (Información del semestre) - Sobrepeso,COL05,H,8,RANGO ETARIO - 25 a 29 años,RANGO ETARIO,25 a 29 años,,,,"['RANGO ETARIO', '25 a 29 años']",71
P1,D,"GESTANTES Y PERSONAS DE 8° MES POST-PARTO EN CONTROL, SEGÚN ESTADO NUTRICIONAL",P1030202,Control al 8º mes Post-Parto (Información del semestre) - Sobrepeso,COL06,I,9,RANGO ETARIO - 30 a 34 años,RANGO ETARIO,30 a 34 años,,,,"['RANGO ETARIO', '30 a 34 años']",71
P1,D,"GESTANTES Y PERSONAS DE 8° MES POST-PARTO EN CONTROL, SEGÚN ESTADO NUTRICIONAL",P1030202,Control al 8º mes Post-Parto (Información del semestre) - Sobrepeso,COL07,J,10,RANGO ETARIO - 35 a 39 años,RANGO ETARIO,35 a 39 años,,,,"['RANGO ETARIO', '35 a 39 años']",71
P1,D,"GESTANTES Y PERSONAS DE 8° MES POST-PARTO EN CONTROL, SEGÚN ESTADO NUTRICIONAL",P1030202,Control al 8º mes Post-Parto (Información del semestre) - Sobrepeso,COL08,K,11,RANGO ETARIO - 40 a 44 años,RANGO ETARIO,40 a 44 años,,,,"['RANGO ETARIO', '40 a 44 años']",71
P1,D,"GESTANTES Y PERSONAS DE 8° MES POST-PARTO EN CONTROL, SEGÚN ESTADO NUTRICIONAL",P1030202,Control al 8º mes Post-Parto (Información del semestre) - Sobrepeso,COL09,L,12,RANGO ETARIO - 45 a 49 años,RANGO ETARIO,45 a 49 años,,,,"['RANGO ETARIO', '45 a 49 años']",71
P1,D,"GESTANTES Y PERSONAS DE 8° MES POST-PARTO EN CONTROL, SEGÚN ESTADO NUTRICIONAL",P1030202,Control al 8º mes Post-Parto (Información del semestre) - Sobrepeso,COL10,M,13,RANGO ETARIO - 50 a 54 años,RANGO ETARIO,50 a 54 años,,,,"['RANGO ETARIO', '50 a 54 años']",71
P1,D,"GESTANTES Y PERSONAS DE 8° MES POST-PARTO EN CONTROL, SEGÚN ESTADO NUTRICIONAL",P1030203,Control al 8º mes Post-Parto (Información del semestre) - Normal,COL01,D,4,TOTAL,TOTAL,,,,,['TOTAL'],72
P1,D,"GESTANTES Y PERSONAS DE 8° MES POST-PARTO EN CONTROL, SEGÚN ESTADO NUTRICIONAL",P1030203,Control al 8º mes Post-Parto (Información del semestre) - Normal,COL02,E,5,RANGO ETARIO - Menos 15 años,RANGO ETARIO,Menos 15 años,,,,"['RANGO ETARIO', 'Menos 15 años']",72
P1,D,"GESTANTES Y PERSONAS DE 8° MES POST-PARTO EN CONTROL, SEGÚN ESTADO NUTRICIONAL",P1030203,Control al 8º mes Post-Parto (Información del semestre) - Normal,COL03,F,6,RANGO ETARIO - 15 a 19 años,RANGO ETARIO,15 a 19 años,,,,"['RANGO ETARIO', '15 a 19 años']",72
P1,D,"GESTANTES Y PERSONAS DE 8° MES POST-PARTO EN CONTROL, SEGÚN ESTADO NUTRICIONAL",P1030203,Control al 8º mes Post-Parto (Información del semestre) - Normal,COL04,G,7,RANGO ETARIO - 20 a 24 años,RANGO ETARIO,20 a 24 años,,,,"['RANGO ETARIO', '20 a 24 años']",72
P1,D,"GESTANTES Y PERSONAS DE 8° MES POST-PARTO EN CONTROL, SEGÚN ESTADO NUTRICIONAL",P1030203,Control al 8º mes Post-Parto (Información del semestre) - Normal,COL05,H,8,RANGO ETARIO - 25 a 29 años,RANGO ETARIO,25 a 29 años,,,,"['RANGO ETARIO', '25 a 29 años']",72
P1,D,"GESTANTES Y PERSONAS DE 8° MES POST-PARTO EN CONTROL, SEGÚN ESTADO NUTRICIONAL",P1030203,Control al 8º mes Post-Parto (Información del semestre) - Normal,COL06,I,9,RANGO ETARIO - 30 a 34 años,RANGO ETARIO,30 a 34 años,,,,"['RANGO ETARIO', '30 a 34 años']",72
P1,D,"GESTANTES Y PERSONAS DE 8° MES POST-PARTO EN CONTROL, SEGÚN ESTADO NUTRICIONAL",P1030203,Control al 8º mes Post-Parto (Información del semestre) - Normal,COL07,J,10,RANGO ETARIO - 35 a 39 años,RANGO ETARIO,35 a 39 años,,,,"['RANGO ETARIO', '35 a 39 años']",72
P1,D,"GESTANTES Y PERSONAS DE 8° MES POST-PARTO EN CONTROL, SEGÚN ESTADO NUTRICIONAL",P1030203,Control al 8º mes Post-Parto (Información del semestre) - Normal,COL08,K,11,RANGO ETARIO - 40 a 44 años,RANGO ETARIO,40 a 44 años,,,,"['RANGO ETARIO', '40 a 44 años']",72
P1,D,"GESTANTES Y PERSONAS DE 8° MES POST-PARTO EN CONTROL, SEGÚN ESTADO NUTRICIONAL",P1030203,Control al 8º mes Post-Parto (Información del semestre) - Normal,COL09,L,12,RANGO ETARIO - 45 a 49 años,RANGO ETARIO,45 a 49 años,,,,"['RANGO ETARIO', '45 a 49 años']",72
P1,D,"GESTANTES Y PERSONAS DE 8° MES POST-PARTO EN CONTROL, SEGÚN ESTADO NUTRICIONAL",P1030203,Control al 8º mes Post-Parto (Información del semestre) - Normal,COL10,M,13,RANGO ETARIO - 50 a 54 años,RANGO ETARIO,50 a 54 años,,,,"['RANGO ETARIO', '50 a 54 años']",72
P1,D,"GESTANTES Y PERSONAS DE 8° MES POST-PARTO EN CONTROL, SEGÚN ESTADO NUTRICIONAL",P1030204,Control al 8º mes Post-Parto (Información del semestre) - Bajo Peso,COL01,D,4,TOTAL,TOTAL,,,,,['TOTAL'],73
P1,D,"GESTANTES Y PERSONAS DE 8° MES POST-PARTO EN CONTROL, SEGÚN ESTADO NUTRICIONAL",P1030204,Control al 8º mes Post-Parto (Información del semestre) - Bajo Peso,COL02,E,5,RANGO ETARIO - Menos 15 años,RANGO ETARIO,Menos 15 años,,,,"['RANGO ETARIO', 'Menos 15 años']",73
P1,D,"GESTANTES Y PERSONAS DE 8° MES POST-PARTO EN CONTROL, SEGÚN ESTADO NUTRICIONAL",P1030204,Control al 8º mes Post-Parto (Información del semestre) - Bajo Peso,COL03,F,6,RANGO ETARIO - 15 a 19 años,RANGO ETARIO,15 a 19 años,,,,"['RANGO ETARIO', '15 a 19 años']",73
P1,D,"GESTANTES Y PERSONAS DE 8° MES POST-PARTO EN CONTROL, SEGÚN ESTADO NUTRICIONAL",P1030204,Control al 8º mes Post-Parto (Información del semestre) - Bajo Peso,COL04,G,7,RANGO ETARIO - 20 a 24 años,RANGO ETARIO,20 a 24 años,,,,"['RANGO ETARIO', '20 a 24 años']",73
P1,D,"GESTANTES Y PERSONAS DE 8° MES POST-PARTO EN CONTROL, SEGÚN ESTADO NUTRICIONAL",P1030204,Control al 8º mes Post-Parto (Información del semestre) - Bajo Peso,COL05,H,8,RANGO ETARIO - 25 a 29 años,RANGO ETARIO,25 a 29 años,,,,"['RANGO ETARIO', '25 a 29 años']",73
P1,D,"GESTANTES Y PERSONAS DE 8° MES POST-PARTO EN CONTROL, SEGÚN ESTADO NUTRICIONAL",P1030204,Control al 8º mes Post-Parto (Información del semestre) - Bajo Peso,COL06,I,9,RANGO ETARIO - 30 a 34 años,RANGO ETARIO,30 a 34 años,,,,"['RANGO ETARIO', '30 a 34 años']",73
P1,D,"GESTANTES Y PERSONAS DE 8° MES POST-PARTO EN CONTROL, SEGÚN ESTADO NUTRICIONAL",P1030204,Control al 8º mes Post-Parto (Información del semestre) - Bajo Peso,COL07,J,10,RANGO ETARIO - 35 a 39 años,RANGO ETARIO,35 a 39 años,,,,"['RANGO ETARIO', '35 a 39 años']",73
P1,D,"GESTANTES Y PERSONAS DE 8° MES POST-PARTO EN CONTROL, SEGÚN ESTADO NUTRICIONAL",P1030204,Control al 8º mes Post-Parto (Información del semestre) - Bajo Peso,COL08,K,11,RANGO ETARIO - 40 a 44 años,RANGO ETARIO,40 a 44 años,,,,"['RANGO ETARIO', '40 a 44 años']",73
P1,D,"GESTANTES Y PERSONAS DE 8° MES POST-PARTO EN CONTROL, SEGÚN ESTADO NUTRICIONAL",P1030204,Control al 8º mes Post-Parto (Información del semestre) - Bajo Peso,COL09,L,12,RANGO ETARIO - 45 a 49 años,RANGO ETARIO,45 a 49 años,,,,"['RANGO ETARIO', '45 a 49 años']",73
P1,D,"GESTANTES Y PERSONAS DE 8° MES POST-PARTO EN CONTROL, SEGÚN ESTADO NUTRICIONAL",P1030204,Control al 8º mes Post-Parto (Información del semestre) - Bajo Peso,COL10,M,13,RANGO ETARIO - 50 a 54 años,RANGO ETARIO,50 a 54 años,,,,"['RANGO ETARIO', '50 a 54 años']",73
P1,E,GESTANTES Y PERSONAS EN CONTROL CON CONSULTA NUTRICIONAL,P1050100,Gestantes con malnutrición por déficit (bajo peso),COL01,C,3,TOTAL,TOTAL,,,,,['TOTAL'],77
P1,E,GESTANTES Y PERSONAS EN CONTROL CON CONSULTA NUTRICIONAL,P1050101,Gestantes con malnutrición por exceso - Obesa,COL01,C,3,TOTAL,TOTAL,,,,,['TOTAL'],78
P1,E,GESTANTES Y PERSONAS EN CONTROL CON CONSULTA NUTRICIONAL,P1050102,Gestantes con malnutrición por exceso - Sobrepeso,COL01,C,3,TOTAL,TOTAL,,,,,['TOTAL'],79
P1,E,GESTANTES Y PERSONAS EN CONTROL CON CONSULTA NUTRICIONAL,P1050103,En 3º mes post parto,COL01,C,3,TOTAL,TOTAL,,,,,['TOTAL'],80
P1,E,GESTANTES Y PERSONAS EN CONTROL CON CONSULTA NUTRICIONAL,P1050104,En 6º mes post parto,COL01,C,3,TOTAL,TOTAL,,,,,['TOTAL'],81
P1,F,MUJERES EN CONTROL DE CLIMATERIO,P1030301,Población en Control,COL01,C,3,Menor de 45 años,Menor de 45 años,,,,,['Menor de 45 años'],84
P1,F,MUJERES EN CONTROL DE CLIMATERIO,P1030301,Población en Control,COL02,D,4,45 a 64 años,45 a 64 años,,,,,['45 a 64 años'],84
P1,F,MUJERES EN CONTROL DE CLIMATERIO,P1030301,Población en Control,COL03,E,5,Trans Masculino,Trans Masculino,,,,,['Trans Masculino'],84
P1,F,MUJERES EN CONTROL DE CLIMATERIO,P1030301,Población en Control,COL04,F,6,Pueblos Originarios,Pueblos Originarios,,,,,['Pueblos Originarios'],84
P1,F,MUJERES EN CONTROL DE CLIMATERIO,P1030301,Población en Control,COL05,G,7,Migrantes,Migrantes,,,,,['Migrantes'],84
P1,F,MUJERES EN CONTROL DE CLIMATERIO,P1060040,Mujeres con pauta aplicada MRS*,COL01,C,3,Menor de 45 años,Menor de 45 años,,,,,['Menor de 45 años'],85
P1,F,MUJERES EN CONTROL DE CLIMATERIO,P1060040,Mujeres con pauta aplicada MRS*,COL02,D,4,45 a 64 años,45 a 64 años,,,,,['45 a 64 años'],85
P1,F,MUJERES EN CONTROL DE CLIMATERIO,P1060040,Mujeres con pauta aplicada MRS*,COL03,E,5,Trans Masculino,Trans Masculino,,,,,['Trans Masculino'],85
P1,F,MUJERES EN CONTROL DE CLIMATERIO,P1060040,Mujeres con pauta aplicada MRS*,COL04,F,6,Pueblos Originarios,Pueblos Originarios,,,,,['Pueblos Originarios'],85
P1,F,MUJERES EN CONTROL DE CLIMATERIO,P1060040,Mujeres con pauta aplicada MRS*,COL05,G,7,Migrantes,Migrantes,,,,,['Migrantes'],85
P1,F,MUJERES EN CONTROL DE CLIMATERIO,P1700101,Mujeres con MRS al ingreso,COL01,C,3,Menor de 45 años,Menor de 45 años,,,,,['Menor de 45 años'],86
P1,F,MUJERES EN CONTROL DE CLIMATERIO,P1700101,Mujeres con MRS al ingreso,COL02,D,4,45 a 64 años,45 a 64 años,,,,,['45 a 64 años'],86
P1,F,MUJERES EN CONTROL DE CLIMATERIO,P1700101,Mujeres con MRS al ingreso,COL03,E,5,Trans Masculino,Trans Masculino,,,,,['Trans Masculino'],86
P1,F,MUJERES EN CONTROL DE CLIMATERIO,P1700101,Mujeres con MRS al ingreso,COL04,F,6,Pueblos Originarios,Pueblos Originarios,,,,,['Pueblos Originarios'],86
P1,F,MUJERES EN CONTROL DE CLIMATERIO,P1700101,Mujeres con MRS al ingreso,COL05,G,7,Migrantes,Migrantes,,,,,['Migrantes'],86
P1,F,MUJERES EN CONTROL DE CLIMATERIO,P1700102,Mujeres con MRS en control,COL01,C,3,Menor de 45 años,Menor de 45 años,,,,,['Menor de 45 años'],87
P1,F,MUJERES EN CONTROL DE CLIMATERIO,P1700102,Mujeres con MRS en control,COL02,D,4,45 a 64 años,45 a 64 años,,,,,['45 a 64 años'],87
P1,F,MUJERES EN CONTROL DE CLIMATERIO,P1700102,Mujeres con MRS en control,COL03,E,5,Trans Masculino,Trans Masculino,,,,,['Trans Masculino'],87
P1,F,MUJERES EN CONTROL DE CLIMATERIO,P1700102,Mujeres con MRS en control,COL04,F,6,Pueblos Originarios,Pueblos Originarios,,,,,['Pueblos Originarios'],87
P1,F,MUJERES EN CONTROL DE CLIMATERIO,P1700102,Mujeres con MRS en control,COL05,G,7,Migrantes,Migrantes,,,,,['Migrantes'],87
P1,F,MUJERES EN CONTROL DE CLIMATERIO,P1060050,Mujeres con MRS elevado*,COL01,C,3,Menor de 45 años,Menor de 45 años,,,,,['Menor de 45 años'],88
P1,F,MUJERES EN CONTROL DE CLIMATERIO,P1060050,Mujeres con MRS elevado*,COL02,D,4,45 a 64 años,45 a 64 años,,,,,['45 a 64 años'],88
P1,F,MUJERES EN CONTROL DE CLIMATERIO,P1060050,Mujeres con MRS elevado*,COL03,E,5,Trans Masculino,Trans Masculino,,,,,['Trans Masculino'],88
P1,F,MUJERES EN CONTROL DE CLIMATERIO,P1060050,Mujeres con MRS elevado*,COL04,F,6,Pueblos Originarios,Pueblos Originarios,,,,,['Pueblos Originarios'],88
P1,F,MUJERES EN CONTROL DE CLIMATERIO,P1060050,Mujeres con MRS elevado*,COL05,G,7,Migrantes,Migrantes,,,,,['Migrantes'],88
P1,F,MUJERES EN CONTROL DE CLIMATERIO,P1060060,Mujeres con aplicación de terapia hormonal de la menopausia según MRS*,COL01,C,3,Menor de 45 años,Menor de 45 años,,,,,['Menor de 45 años'],89
P1,F,MUJERES EN CONTROL DE CLIMATERIO,P1060060,Mujeres con aplicación de terapia hormonal de la menopausia según MRS*,COL02,D,4,45 a 64 años,45 a 64 años,,,,,['45 a 64 años'],89
P1,F,MUJERES EN CONTROL DE CLIMATERIO,P1060060,Mujeres con aplicación de terapia hormonal de la menopausia según MRS*,COL03,E,5,Trans Masculino,Trans Masculino,,,,,['Trans Masculino'],89
P1,F,MUJERES EN CONTROL DE CLIMATERIO,P1060060,Mujeres con aplicación de terapia hormonal de la menopausia según MRS*,COL04,F,6,Pueblos Originarios,Pueblos Originarios,,,,,['Pueblos Originarios'],89
P1,F,MUJERES EN CONTROL DE CLIMATERIO,P1060060,Mujeres con aplicación de terapia hormonal de la menopausia según MRS*,COL05,G,7,Migrantes,Migrantes,,,,,['Migrantes'],89
P1,F,MUJERES EN CONTROL DE CLIMATERIO,P1700103,"Mujeres que disminuyeron puntaje de MRS o se mantienen en MRS bajo, según MRS de control",COL01,C,3,Menor de 45 años,Menor de 45 años,,,,,['Menor de 45 años'],90
P1,F,MUJERES EN CONTROL DE CLIMATERIO,P1700103,"Mujeres que disminuyeron puntaje de MRS o se mantienen en MRS bajo, según MRS de control",COL02,D,4,45 a 64 años,45 a 64 años,,,,,['45 a 64 años'],90
P1,F,MUJERES EN CONTROL DE CLIMATERIO,P1700103,"Mujeres que disminuyeron puntaje de MRS o se mantienen en MRS bajo, según MRS de control",COL03,E,5,Trans Masculino,Trans Masculino,,,,,['Trans Masculino'],90
P1,F,MUJERES EN CONTROL DE CLIMATERIO,P1700103,"Mujeres que disminuyeron puntaje de MRS o se mantienen en MRS bajo, según MRS de control",COL04,F,6,Pueblos Originarios,Pueblos Originarios,,,,,['Pueblos Originarios'],90
P1,F,MUJERES EN CONTROL DE CLIMATERIO,P1700103,"Mujeres que disminuyeron puntaje de MRS o se mantienen en MRS bajo, según MRS de control",COL05,G,7,Migrantes,Migrantes,,,,,['Migrantes'],90
P1,F,MUJERES EN CONTROL DE CLIMATERIO,P1200340,Mujeres que asisten a Talleres Educativos,COL01,C,3,Menor de 45 años,Menor de 45 años,,,,,['Menor de 45 años'],91
P1,F,MUJERES EN CONTROL DE CLIMATERIO,P1200340,Mujeres que asisten a Talleres Educativos,COL02,D,4,45 a 64 años,45 a 64 años,,,,,['45 a 64 años'],91
P1,F,MUJERES EN CONTROL DE CLIMATERIO,P1200340,Mujeres que asisten a Talleres Educativos,COL03,E,5,Trans Masculino,Trans Masculino,,,,,['Trans Masculino'],91
P1,F,MUJERES EN CONTROL DE CLIMATERIO,P1200340,Mujeres que asisten a Talleres Educativos,COL04,F,6,Pueblos Originarios,Pueblos Originarios,,,,,['Pueblos Originarios'],91
P1,F,MUJERES EN CONTROL DE CLIMATERIO,P1200340,Mujeres que asisten a Talleres Educativos,COL05,G,7,Migrantes,Migrantes,,,,,['Migrantes'],91
P1,F.1,POBLACIÓN EN CONTROL CLIMATERIO SEGÚN TIPO DE TERAPIA HORMONAL DE LA MENOPAUSIA,P1200280,Estradiol Micronizado 1mg.,COL01,D,4,TOTAL,TOTAL,,,,,['TOTAL'],96
P1,F.1,POBLACIÓN EN CONTROL CLIMATERIO SEGÚN TIPO DE TERAPIA HORMONAL DE LA MENOPAUSIA,P1200280,Estradiol Micronizado 1mg.,COL02,E,5,RANGO ETARIO - Menor de 45 años,RANGO ETARIO,Menor de 45 años,,,,"['RANGO ETARIO', 'Menor de 45 años']",96
P1,F.1,POBLACIÓN EN CONTROL CLIMATERIO SEGÚN TIPO DE TERAPIA HORMONAL DE LA MENOPAUSIA,P1200280,Estradiol Micronizado 1mg.,COL03,F,6,RANGO ETARIO - 45 a 49 años,RANGO ETARIO,45 a 49 años,,,,"['RANGO ETARIO', '45 a 49 años']",96
P1,F.1,POBLACIÓN EN CONTROL CLIMATERIO SEGÚN TIPO DE TERAPIA HORMONAL DE LA MENOPAUSIA,P1200280,Estradiol Micronizado 1mg.,COL04,G,7,RANGO ETARIO - 50 a 54 años,RANGO ETARIO,50 a 54 años,,,,"['RANGO ETARIO', '50 a 54 años']",96
P1,F.1,POBLACIÓN EN CONTROL CLIMATERIO SEGÚN TIPO DE TERAPIA HORMONAL DE LA MENOPAUSIA,P1200280,Estradiol Micronizado 1mg.,COL05,H,8,RANGO ETARIO - 55 a 60 años,RANGO ETARIO,55 a 60 años,,,,"['RANGO ETARIO', '55 a 60 años']",96
P1,F.1,POBLACIÓN EN CONTROL CLIMATERIO SEGÚN TIPO DE TERAPIA HORMONAL DE LA MENOPAUSIA,P1200280,Estradiol Micronizado 1mg.,COL06,I,9,RANGO ETARIO - 60 a 64 años,RANGO ETARIO,60 a 64 años,,,,"['RANGO ETARIO', '60 a 64 años']",96
P1,F.1,POBLACIÓN EN CONTROL CLIMATERIO SEGÚN TIPO DE TERAPIA HORMONAL DE LA MENOPAUSIA,P1200280,Estradiol Micronizado 1mg.,COL07,J,10,Pueblos Originarios,Pueblos Originarios,,,,,['Pueblos Originarios'],96
P1,F.1,POBLACIÓN EN CONTROL CLIMATERIO SEGÚN TIPO DE TERAPIA HORMONAL DE LA MENOPAUSIA,P1200280,Estradiol Micronizado 1mg.,COL08,K,11,Migrantes,Migrantes,,,,,['Migrantes'],96
P1,F.1,POBLACIÓN EN CONTROL CLIMATERIO SEGÚN TIPO DE TERAPIA HORMONAL DE LA MENOPAUSIA,P1200290,Estradiol Gel - Estradiol Micronizado 1mg.,COL01,D,4,TOTAL,TOTAL,,,,,['TOTAL'],97
P1,F.1,POBLACIÓN EN CONTROL CLIMATERIO SEGÚN TIPO DE TERAPIA HORMONAL DE LA MENOPAUSIA,P1200290,Estradiol Gel - Estradiol Micronizado 1mg.,COL02,E,5,RANGO ETARIO - Menor de 45 años,RANGO ETARIO,Menor de 45 años,,,,"['RANGO ETARIO', 'Menor de 45 años']",97
P1,F.1,POBLACIÓN EN CONTROL CLIMATERIO SEGÚN TIPO DE TERAPIA HORMONAL DE LA MENOPAUSIA,P1200290,Estradiol Gel - Estradiol Micronizado 1mg.,COL03,F,6,RANGO ETARIO - 45 a 49 años,RANGO ETARIO,45 a 49 años,,,,"['RANGO ETARIO', '45 a 49 años']",97
P1,F.1,POBLACIÓN EN CONTROL CLIMATERIO SEGÚN TIPO DE TERAPIA HORMONAL DE LA MENOPAUSIA,P1200290,Estradiol Gel - Estradiol Micronizado 1mg.,COL04,G,7,RANGO ETARIO - 50 a 54 años,RANGO ETARIO,50 a 54 años,,,,"['RANGO ETARIO', '50 a 54 años']",97
P1,F.1,POBLACIÓN EN CONTROL CLIMATERIO SEGÚN TIPO DE TERAPIA HORMONAL DE LA MENOPAUSIA,P1200290,Estradiol Gel - Estradiol Micronizado 1mg.,COL05,H,8,RANGO ETARIO - 55 a 60 años,RANGO ETARIO,55 a 60 años,,,,"['RANGO ETARIO', '55 a 60 años']",97
P1,F.1,POBLACIÓN EN CONTROL CLIMATERIO SEGÚN TIPO DE TERAPIA HORMONAL DE LA MENOPAUSIA,P1200290,Estradiol Gel - Estradiol Micronizado 1mg.,COL06,I,9,RANGO ETARIO - 60 a 64 años,RANGO ETARIO,60 a 64 años,,,,"['RANGO ETARIO', '60 a 64 años']",97
P1,F.1,POBLACIÓN EN CONTROL CLIMATERIO SEGÚN TIPO DE TERAPIA HORMONAL DE LA MENOPAUSIA,P1200290,Estradiol Gel - Estradiol Micronizado 1mg.,COL07,J,10,Pueblos Originarios,Pueblos Originarios,,,,,['Pueblos Originarios'],97
P1,F.1,POBLACIÓN EN CONTROL CLIMATERIO SEGÚN TIPO DE TERAPIA HORMONAL DE LA MENOPAUSIA,P1200290,Estradiol Gel - Estradiol Micronizado 1mg.,COL08,K,11,Migrantes,Migrantes,,,,,['Migrantes'],97
P1,F.1,POBLACIÓN EN CONTROL CLIMATERIO SEGÚN TIPO DE TERAPIA HORMONAL DE LA MENOPAUSIA,P1200300,Progesterona Micronizada 100mg.,COL01,D,4,TOTAL,TOTAL,,,,,['TOTAL'],98
P1,F.1,POBLACIÓN EN CONTROL CLIMATERIO SEGÚN TIPO DE TERAPIA HORMONAL DE LA MENOPAUSIA,P1200300,Progesterona Micronizada 100mg.,COL02,E,5,RANGO ETARIO - Menor de 45 años,RANGO ETARIO,Menor de 45 años,,,,"['RANGO ETARIO', 'Menor de 45 años']",98
P1,F.1,POBLACIÓN EN CONTROL CLIMATERIO SEGÚN TIPO DE TERAPIA HORMONAL DE LA MENOPAUSIA,P1200300,Progesterona Micronizada 100mg.,COL03,F,6,RANGO ETARIO - 45 a 49 años,RANGO ETARIO,45 a 49 años,,,,"['RANGO ETARIO', '45 a 49 años']",98
P1,F.1,POBLACIÓN EN CONTROL CLIMATERIO SEGÚN TIPO DE TERAPIA HORMONAL DE LA MENOPAUSIA,P1200300,Progesterona Micronizada 100mg.,COL04,G,7,RANGO ETARIO - 50 a 54 años,RANGO ETARIO,50 a 54 años,,,,"['RANGO ETARIO', '50 a 54 años']",98
P1,F.1,POBLACIÓN EN CONTROL CLIMATERIO SEGÚN TIPO DE TERAPIA HORMONAL DE LA MENOPAUSIA,P1200300,Progesterona Micronizada 100mg.,COL05,H,8,RANGO ETARIO - 55 a 60 años,RANGO ETARIO,55 a 60 años,,,,"['RANGO ETARIO', '55 a 60 años']",98
P1,F.1,POBLACIÓN EN CONTROL CLIMATERIO SEGÚN TIPO DE TERAPIA HORMONAL DE LA MENOPAUSIA,P1200300,Progesterona Micronizada 100mg.,COL06,I,9,RANGO ETARIO - 60 a 64 años,RANGO ETARIO,60 a 64 años,,,,"['RANGO ETARIO', '60 a 64 años']",98
P1,F.1,POBLACIÓN EN CONTROL CLIMATERIO SEGÚN TIPO DE TERAPIA HORMONAL DE LA MENOPAUSIA,P1200300,Progesterona Micronizada 100mg.,COL07,J,10,Pueblos Originarios,Pueblos Originarios,,,,,['Pueblos Originarios'],98
P1,F.1,POBLACIÓN EN CONTROL CLIMATERIO SEGÚN TIPO DE TERAPIA HORMONAL DE LA MENOPAUSIA,P1200300,Progesterona Micronizada 100mg.,COL08,K,11,Migrantes,Migrantes,,,,,['Migrantes'],98
P1,F.1,POBLACIÓN EN CONTROL CLIMATERIO SEGÚN TIPO DE TERAPIA HORMONAL DE LA MENOPAUSIA,P1200310,Progesterona Micronizada 200mg.,COL01,D,4,TOTAL,TOTAL,,,,,['TOTAL'],99
P1,F.1,POBLACIÓN EN CONTROL CLIMATERIO SEGÚN TIPO DE TERAPIA HORMONAL DE LA MENOPAUSIA,P1200310,Progesterona Micronizada 200mg.,COL02,E,5,RANGO ETARIO - Menor de 45 años,RANGO ETARIO,Menor de 45 años,,,,"['RANGO ETARIO', 'Menor de 45 años']",99
P1,F.1,POBLACIÓN EN CONTROL CLIMATERIO SEGÚN TIPO DE TERAPIA HORMONAL DE LA MENOPAUSIA,P1200310,Progesterona Micronizada 200mg.,COL03,F,6,RANGO ETARIO - 45 a 49 años,RANGO ETARIO,45 a 49 años,,,,"['RANGO ETARIO', '45 a 49 años']",99
P1,F.1,POBLACIÓN EN CONTROL CLIMATERIO SEGÚN TIPO DE TERAPIA HORMONAL DE LA MENOPAUSIA,P1200310,Progesterona Micronizada 200mg.,COL04,G,7,RANGO ETARIO - 50 a 54 años,RANGO ETARIO,50 a 54 años,,,,"['RANGO ETARIO', '50 a 54 años']",99
P1,F.1,POBLACIÓN EN CONTROL CLIMATERIO SEGÚN TIPO DE TERAPIA HORMONAL DE LA MENOPAUSIA,P1200310,Progesterona Micronizada 200mg.,COL05,H,8,RANGO ETARIO - 55 a 60 años,RANGO ETARIO,55 a 60 años,,,,"['RANGO ETARIO', '55 a 60 años']",99
P1,F.1,POBLACIÓN EN CONTROL CLIMATERIO SEGÚN TIPO DE TERAPIA HORMONAL DE LA MENOPAUSIA,P1200310,Progesterona Micronizada 200mg.,COL06,I,9,RANGO ETARIO - 60 a 64 años,RANGO ETARIO,60 a 64 años,,,,"['RANGO ETARIO', '60 a 64 años']",99
P1,F.1,POBLACIÓN EN CONTROL CLIMATERIO SEGÚN TIPO DE TERAPIA HORMONAL DE LA MENOPAUSIA,P1200310,Progesterona Micronizada 200mg.,COL07,J,10,Pueblos Originarios,Pueblos Originarios,,,,,['Pueblos Originarios'],99
P1,F.1,POBLACIÓN EN CONTROL CLIMATERIO SEGÚN TIPO DE TERAPIA HORMONAL DE LA MENOPAUSIA,P1200310,Progesterona Micronizada 200mg.,COL08,K,11,Migrantes,Migrantes,,,,,['Migrantes'],99
P1,F.1,POBLACIÓN EN CONTROL CLIMATERIO SEGÚN TIPO DE TERAPIA HORMONAL DE LA MENOPAUSIA,P1200320,Nomegestrol 5mg. comp.,COL01,D,4,TOTAL,TOTAL,,,,,['TOTAL'],100
P1,F.1,POBLACIÓN EN CONTROL CLIMATERIO SEGÚN TIPO DE TERAPIA HORMONAL DE LA MENOPAUSIA,P1200320,Nomegestrol 5mg. comp.,COL02,E,5,RANGO ETARIO - Menor de 45 años,RANGO ETARIO,Menor de 45 años,,,,"['RANGO ETARIO', 'Menor de 45 años']",100
P1,F.1,POBLACIÓN EN CONTROL CLIMATERIO SEGÚN TIPO DE TERAPIA HORMONAL DE LA MENOPAUSIA,P1200320,Nomegestrol 5mg. comp.,COL03,F,6,RANGO ETARIO - 45 a 49 años,RANGO ETARIO,45 a 49 años,,,,"['RANGO ETARIO', '45 a 49 años']",100
P1,F.1,POBLACIÓN EN CONTROL CLIMATERIO SEGÚN TIPO DE TERAPIA HORMONAL DE LA MENOPAUSIA,P1200320,Nomegestrol 5mg. comp.,COL04,G,7,RANGO ETARIO - 50 a 54 años,RANGO ETARIO,50 a 54 años,,,,"['RANGO ETARIO', '50 a 54 años']",100
P1,F.1,POBLACIÓN EN CONTROL CLIMATERIO SEGÚN TIPO DE TERAPIA HORMONAL DE LA MENOPAUSIA,P1200320,Nomegestrol 5mg. comp.,COL05,H,8,RANGO ETARIO - 55 a 60 años,RANGO ETARIO,55 a 60 años,,,,"['RANGO ETARIO', '55 a 60 años']",100
P1,F.1,POBLACIÓN EN CONTROL CLIMATERIO SEGÚN TIPO DE TERAPIA HORMONAL DE LA MENOPAUSIA,P1200320,Nomegestrol 5mg. comp.,COL06,I,9,RANGO ETARIO - 60 a 64 años,RANGO ETARIO,60 a 64 años,,,,"['RANGO ETARIO', '60 a 64 años']",100
P1,F.1,POBLACIÓN EN CONTROL CLIMATERIO SEGÚN TIPO DE TERAPIA HORMONAL DE LA MENOPAUSIA,P1200320,Nomegestrol 5mg. comp.,COL07,J,10,Pueblos Originarios,Pueblos Originarios,,,,,['Pueblos Originarios'],100
P1,F.1,POBLACIÓN EN CONTROL CLIMATERIO SEGÚN TIPO DE TERAPIA HORMONAL DE LA MENOPAUSIA,P1200320,Nomegestrol 5mg. comp.,COL08,K,11,Migrantes,Migrantes,,,,,['Migrantes'],100
P1,F.1,POBLACIÓN EN CONTROL CLIMATERIO SEGÚN TIPO DE TERAPIA HORMONAL DE LA MENOPAUSIA,P1200330,"Tibolona 2,5mg. comp.",COL01,D,4,TOTAL,TOTAL,,,,,['TOTAL'],101
P1,F.1,POBLACIÓN EN CONTROL CLIMATERIO SEGÚN TIPO DE TERAPIA HORMONAL DE LA MENOPAUSIA,P1200330,"Tibolona 2,5mg. comp.",COL02,E,5,RANGO ETARIO - Menor de 45 años,RANGO ETARIO,Menor de 45 años,,,,"['RANGO ETARIO', 'Menor de 45 años']",101
P1,F.1,POBLACIÓN EN CONTROL CLIMATERIO SEGÚN TIPO DE TERAPIA HORMONAL DE LA MENOPAUSIA,P1200330,"Tibolona 2,5mg. comp.",COL03,F,6,RANGO ETARIO - 45 a 49 años,RANGO ETARIO,45 a 49 años,,,,"['RANGO ETARIO', '45 a 49 años']",101
P1,F.1,POBLACIÓN EN CONTROL CLIMATERIO SEGÚN TIPO DE TERAPIA HORMONAL DE LA MENOPAUSIA,P1200330,"Tibolona 2,5mg. comp.",COL04,G,7,RANGO ETARIO - 50 a 54 años,RANGO ETARIO,50 a 54 años,,,,"['RANGO ETARIO', '50 a 54 años']",101
P1,F.1,POBLACIÓN EN CONTROL CLIMATERIO SEGÚN TIPO DE TERAPIA HORMONAL DE LA MENOPAUSIA,P1200330,"Tibolona 2,5mg. comp.",COL05,H,8,RANGO ETARIO - 55 a 60 años,RANGO ETARIO,55 a 60 años,,,,"['RANGO ETARIO', '55 a 60 años']",101
P1,F.1,POBLACIÓN EN CONTROL CLIMATERIO SEGÚN TIPO DE TERAPIA HORMONAL DE LA MENOPAUSIA,P1200330,"Tibolona 2,5mg. comp.",COL06,I,9,RANGO ETARIO - 60 a 64 años,RANGO ETARIO,60 a 64 años,,,,"['RANGO ETARIO', '60 a 64 años']",101
P1,F.1,POBLACIÓN EN CONTROL CLIMATERIO SEGÚN TIPO DE TERAPIA HORMONAL DE LA MENOPAUSIA,P1200330,"Tibolona 2,5mg. comp.",COL07,J,10,Pueblos Originarios,Pueblos Originarios,,,,,['Pueblos Originarios'],101
P1,F.1,POBLACIÓN EN CONTROL CLIMATERIO SEGÚN TIPO DE TERAPIA HORMONAL DE LA MENOPAUSIA,P1200330,"Tibolona 2,5mg. comp.",COL08,K,11,Migrantes,Migrantes,,,,,['Migrantes'],101
P1,F.1,POBLACIÓN EN CONTROL CLIMATERIO SEGÚN TIPO DE TERAPIA HORMONAL DE LA MENOPAUSIA,P1600110,Terapia Dual,COL01,D,4,TOTAL,TOTAL,,,,,['TOTAL'],102
P1,F.1,POBLACIÓN EN CONTROL CLIMATERIO SEGÚN TIPO DE TERAPIA HORMONAL DE LA MENOPAUSIA,P1600110,Terapia Dual,COL02,E,5,RANGO ETARIO - Menor de 45 años,RANGO ETARIO,Menor de 45 años,,,,"['RANGO ETARIO', 'Menor de 45 años']",102
P1,F.1,POBLACIÓN EN CONTROL CLIMATERIO SEGÚN TIPO DE TERAPIA HORMONAL DE LA MENOPAUSIA,P1600110,Terapia Dual,COL03,F,6,RANGO ETARIO - 45 a 49 años,RANGO ETARIO,45 a 49 años,,,,"['RANGO ETARIO', '45 a 49 años']",102
P1,F.1,POBLACIÓN EN CONTROL CLIMATERIO SEGÚN TIPO DE TERAPIA HORMONAL DE LA MENOPAUSIA,P1600110,Terapia Dual,COL04,G,7,RANGO ETARIO - 50 a 54 años,RANGO ETARIO,50 a 54 años,,,,"['RANGO ETARIO', '50 a 54 años']",102
P1,F.1,POBLACIÓN EN CONTROL CLIMATERIO SEGÚN TIPO DE TERAPIA HORMONAL DE LA MENOPAUSIA,P1600110,Terapia Dual,COL05,H,8,RANGO ETARIO - 55 a 60 años,RANGO ETARIO,55 a 60 años,,,,"['RANGO ETARIO', '55 a 60 años']",102
P1,F.1,POBLACIÓN EN CONTROL CLIMATERIO SEGÚN TIPO DE TERAPIA HORMONAL DE LA MENOPAUSIA,P1600110,Terapia Dual,COL06,I,9,RANGO ETARIO - 60 a 64 años,RANGO ETARIO,60 a 64 años,,,,"['RANGO ETARIO', '60 a 64 años']",102
P1,F.1,POBLACIÓN EN CONTROL CLIMATERIO SEGÚN TIPO DE TERAPIA HORMONAL DE LA MENOPAUSIA,P1600110,Terapia Dual,COL07,J,10,Pueblos Originarios,Pueblos Originarios,,,,,['Pueblos Originarios'],102
P1,F.1,POBLACIÓN EN CONTROL CLIMATERIO SEGÚN TIPO DE TERAPIA HORMONAL DE LA MENOPAUSIA,P1600110,Terapia Dual,COL08,K,11,Migrantes,Migrantes,,,,,['Migrantes'],102
P1,G,GESTANTES EN CONTROL CON ECOGRAFÍA POR TRIMESTRE DE GESTACION (EN EL SEMESTRE),P1060106,Menor de 15,COL01,C,3,Primer trimestre - <11 semanas,Primer trimestre,<11 semanas,,,,"['Primer trimestre', '<11 semanas']",106
P1,G,GESTANTES EN CONTROL CON ECOGRAFÍA POR TRIMESTRE DE GESTACION (EN EL SEMESTRE),P1060106,Menor de 15,COL02,D,4,Primer trimestre - 11- 13+6 semanas,Primer trimestre,11- 13+6 semanas,,,,"['Primer trimestre', '11- 13+6 semanas']",106
P1,G,GESTANTES EN CONTROL CON ECOGRAFÍA POR TRIMESTRE DE GESTACION (EN EL SEMESTRE),P1060106,Menor de 15,COL03,E,5,Segundo trimestre 22-24 semanas,Segundo trimestre 22-24 semanas,,,,,['Segundo trimestre 22-24 semanas'],106
P1,G,GESTANTES EN CONTROL CON ECOGRAFÍA POR TRIMESTRE DE GESTACION (EN EL SEMESTRE),P1060106,Menor de 15,COL04,F,6,Tercer trimestre 30-34 semanas,Tercer trimestre 30-34 semanas,,,,,['Tercer trimestre 30-34 semanas'],106
P1,G,GESTANTES EN CONTROL CON ECOGRAFÍA POR TRIMESTRE DE GESTACION (EN EL SEMESTRE),P1060107,15 - 19,COL01,C,3,Primer trimestre - <11 semanas,Primer trimestre,<11 semanas,,,,"['Primer trimestre', '<11 semanas']",107
P1,G,GESTANTES EN CONTROL CON ECOGRAFÍA POR TRIMESTRE DE GESTACION (EN EL SEMESTRE),P1060107,15 - 19,COL02,D,4,Primer trimestre - 11- 13+6 semanas,Primer trimestre,11- 13+6 semanas,,,,"['Primer trimestre', '11- 13+6 semanas']",107
P1,G,GESTANTES EN CONTROL CON ECOGRAFÍA POR TRIMESTRE DE GESTACION (EN EL SEMESTRE),P1060107,15 - 19,COL03,E,5,Segundo trimestre 22-24 semanas,Segundo trimestre 22-24 semanas,,,,,['Segundo trimestre 22-24 semanas'],107
P1,G,GESTANTES EN CONTROL CON ECOGRAFÍA POR TRIMESTRE DE GESTACION (EN EL SEMESTRE),P1060107,15 - 19,COL04,F,6,Tercer trimestre 30-34 semanas,Tercer trimestre 30-34 semanas,,,,,['Tercer trimestre 30-34 semanas'],107
P1,G,GESTANTES EN CONTROL CON ECOGRAFÍA POR TRIMESTRE DE GESTACION (EN EL SEMESTRE),P1060108,20 - 24,COL01,C,3,Primer trimestre - <11 semanas,Primer trimestre,<11 semanas,,,,"['Primer trimestre', '<11 semanas']",108
P1,G,GESTANTES EN CONTROL CON ECOGRAFÍA POR TRIMESTRE DE GESTACION (EN EL SEMESTRE),P1060108,20 - 24,COL02,D,4,Primer trimestre - 11- 13+6 semanas,Primer trimestre,11- 13+6 semanas,,,,"['Primer trimestre', '11- 13+6 semanas']",108
P1,G,GESTANTES EN CONTROL CON ECOGRAFÍA POR TRIMESTRE DE GESTACION (EN EL SEMESTRE),P1060108,20 - 24,COL03,E,5,Segundo trimestre 22-24 semanas,Segundo trimestre 22-24 semanas,,,,,['Segundo trimestre 22-24 semanas'],108
P1,G,GESTANTES EN CONTROL CON ECOGRAFÍA POR TRIMESTRE DE GESTACION (EN EL SEMESTRE),P1060108,20 - 24,COL04,F,6,Tercer trimestre 30-34 semanas,Tercer trimestre 30-34 semanas,,,,,['Tercer trimestre 30-34 semanas'],108
P1,G,GESTANTES EN CONTROL CON ECOGRAFÍA POR TRIMESTRE DE GESTACION (EN EL SEMESTRE),P1060109,25 - 29,COL01,C,3,Primer trimestre - <11 semanas,Primer trimestre,<11 semanas,,,,"['Primer trimestre', '<11 semanas']",109
P1,G,GESTANTES EN CONTROL CON ECOGRAFÍA POR TRIMESTRE DE GESTACION (EN EL SEMESTRE),P1060109,25 - 29,COL02,D,4,Primer trimestre - 11- 13+6 semanas,Primer trimestre,11- 13+6 semanas,,,,"['Primer trimestre', '11- 13+6 semanas']",109
P1,G,GESTANTES EN CONTROL CON ECOGRAFÍA POR TRIMESTRE DE GESTACION (EN EL SEMESTRE),P1060109,25 - 29,COL03,E,5,Segundo trimestre 22-24 semanas,Segundo trimestre 22-24 semanas,,,,,['Segundo trimestre 22-24 semanas'],109
P1,G,GESTANTES EN CONTROL CON ECOGRAFÍA POR TRIMESTRE DE GESTACION (EN EL SEMESTRE),P1060109,25 - 29,COL04,F,6,Tercer trimestre 30-34 semanas,Tercer trimestre 30-34 semanas,,,,,['Tercer trimestre 30-34 semanas'],109
P1,G,GESTANTES EN CONTROL CON ECOGRAFÍA POR TRIMESTRE DE GESTACION (EN EL SEMESTRE),P1060110,30 - 34,COL01,C,3,Primer trimestre - <11 semanas,Primer trimestre,<11 semanas,,,,"['Primer trimestre', '<11 semanas']",110
P1,G,GESTANTES EN CONTROL CON ECOGRAFÍA POR TRIMESTRE DE GESTACION (EN EL SEMESTRE),P1060110,30 - 34,COL02,D,4,Primer trimestre - 11- 13+6 semanas,Primer trimestre,11- 13+6 semanas,,,,"['Primer trimestre', '11- 13+6 semanas']",110
P1,G,GESTANTES EN CONTROL CON ECOGRAFÍA POR TRIMESTRE DE GESTACION (EN EL SEMESTRE),P1060110,30 - 34,COL03,E,5,Segundo trimestre 22-24 semanas,Segundo trimestre 22-24 semanas,,,,,['Segundo trimestre 22-24 semanas'],110
P1,G,GESTANTES EN CONTROL CON ECOGRAFÍA POR TRIMESTRE DE GESTACION (EN EL SEMESTRE),P1060110,30 - 34,COL04,F,6,Tercer trimestre 30-34 semanas,Tercer trimestre 30-34 semanas,,,,,['Tercer trimestre 30-34 semanas'],110
P1,G,GESTANTES EN CONTROL CON ECOGRAFÍA POR TRIMESTRE DE GESTACION (EN EL SEMESTRE),P1060111,35 - 39,COL01,C,3,Primer trimestre - <11 semanas,Primer trimestre,<11 semanas,,,,"['Primer trimestre', '<11 semanas']",111
P1,G,GESTANTES EN CONTROL CON ECOGRAFÍA POR TRIMESTRE DE GESTACION (EN EL SEMESTRE),P1060111,35 - 39,COL02,D,4,Primer trimestre - 11- 13+6 semanas,Primer trimestre,11- 13+6 semanas,,,,"['Primer trimestre', '11- 13+6 semanas']",111
P1,G,GESTANTES EN CONTROL CON ECOGRAFÍA POR TRIMESTRE DE GESTACION (EN EL SEMESTRE),P1060111,35 - 39,COL03,E,5,Segundo trimestre 22-24 semanas,Segundo trimestre 22-24 semanas,,,,,['Segundo trimestre 22-24 semanas'],111
P1,G,GESTANTES EN CONTROL CON ECOGRAFÍA POR TRIMESTRE DE GESTACION (EN EL SEMESTRE),P1060111,35 - 39,COL04,F,6,Tercer trimestre 30-34 semanas,Tercer trimestre 30-34 semanas,,,,,['Tercer trimestre 30-34 semanas'],111
P1,G,GESTANTES EN CONTROL CON ECOGRAFÍA POR TRIMESTRE DE GESTACION (EN EL SEMESTRE),P1060112,40 - 44,COL01,C,3,Primer trimestre - <11 semanas,Primer trimestre,<11 semanas,,,,"['Primer trimestre', '<11 semanas']",112
P1,G,GESTANTES EN CONTROL CON ECOGRAFÍA POR TRIMESTRE DE GESTACION (EN EL SEMESTRE),P1060112,40 - 44,COL02,D,4,Primer trimestre - 11- 13+6 semanas,Primer trimestre,11- 13+6 semanas,,,,"['Primer trimestre', '11- 13+6 semanas']",112
P1,G,GESTANTES EN CONTROL CON ECOGRAFÍA POR TRIMESTRE DE GESTACION (EN EL SEMESTRE),P1060112,40 - 44,COL03,E,5,Segundo trimestre 22-24 semanas,Segundo trimestre 22-24 semanas,,,,,['Segundo trimestre 22-24 semanas'],112
P1,G,GESTANTES EN CONTROL CON ECOGRAFÍA POR TRIMESTRE DE GESTACION (EN EL SEMESTRE),P1060112,40 - 44,COL04,F,6,Tercer trimestre 30-34 semanas,Tercer trimestre 30-34 semanas,,,,,['Tercer trimestre 30-34 semanas'],112
P1,G,GESTANTES EN CONTROL CON ECOGRAFÍA POR TRIMESTRE DE GESTACION (EN EL SEMESTRE),P1060113,45 - 49,COL01,C,3,Primer trimestre - <11 semanas,Primer trimestre,<11 semanas,,,,"['Primer trimestre', '<11 semanas']",113
P1,G,GESTANTES EN CONTROL CON ECOGRAFÍA POR TRIMESTRE DE GESTACION (EN EL SEMESTRE),P1060113,45 - 49,COL02,D,4,Primer trimestre - 11- 13+6 semanas,Primer trimestre,11- 13+6 semanas,,,,"['Primer trimestre', '11- 13+6 semanas']",113
P1,G,GESTANTES EN CONTROL CON ECOGRAFÍA POR TRIMESTRE DE GESTACION (EN EL SEMESTRE),P1060113,45 - 49,COL03,E,5,Segundo trimestre 22-24 semanas,Segundo trimestre 22-24 semanas,,,,,['Segundo trimestre 22-24 semanas'],113
P1,G,GESTANTES EN CONTROL CON ECOGRAFÍA POR TRIMESTRE DE GESTACION (EN EL SEMESTRE),P1060113,45 - 49,COL04,F,6,Tercer trimestre 30-34 semanas,Tercer trimestre 30-34 semanas,,,,,['Tercer trimestre 30-34 semanas'],113
P1,G,GESTANTES EN CONTROL CON ECOGRAFÍA POR TRIMESTRE DE GESTACION (EN EL SEMESTRE),P1060114,50 - 54,COL01,C,3,Primer trimestre - <11 semanas,Primer trimestre,<11 semanas,,,,"['Primer trimestre', '<11 semanas']",114
P1,G,GESTANTES EN CONTROL CON ECOGRAFÍA POR TRIMESTRE DE GESTACION (EN EL SEMESTRE),P1060114,50 - 54,COL02,D,4,Primer trimestre - 11- 13+6 semanas,Primer trimestre,11- 13+6 semanas,,,,"['Primer trimestre', '11- 13+6 semanas']",114
P1,G,GESTANTES EN CONTROL CON ECOGRAFÍA POR TRIMESTRE DE GESTACION (EN EL SEMESTRE),P1060114,50 - 54,COL03,E,5,Segundo trimestre 22-24 semanas,Segundo trimestre 22-24 semanas,,,,,['Segundo trimestre 22-24 semanas'],114
P1,G,GESTANTES EN CONTROL CON ECOGRAFÍA POR TRIMESTRE DE GESTACION (EN EL SEMESTRE),P1060114,50 - 54,COL04,F,6,Tercer trimestre 30-34 semanas,Tercer trimestre 30-34 semanas,,,,,['Tercer trimestre 30-34 semanas'],114
P1,G,GESTANTES EN CONTROL CON ECOGRAFÍA POR TRIMESTRE DE GESTACION (EN EL SEMESTRE),P1700104,Gestantes con Ecografías del extrasistema,COL01,C,3,Primer trimestre - <11 semanas,Primer trimestre,<11 semanas,,,,"['Primer trimestre', '<11 semanas']",116
P1,G,GESTANTES EN CONTROL CON ECOGRAFÍA POR TRIMESTRE DE GESTACION (EN EL SEMESTRE),P1700104,Gestantes con Ecografías del extrasistema,COL02,D,4,Primer trimestre - 11- 13+6 semanas,Primer trimestre,11- 13+6 semanas,,,,"['Primer trimestre', '11- 13+6 semanas']",116
P1,G,GESTANTES EN CONTROL CON ECOGRAFÍA POR TRIMESTRE DE GESTACION (EN EL SEMESTRE),P1700104,Gestantes con Ecografías del extrasistema,COL03,E,5,Segundo trimestre 22-24 semanas,Segundo trimestre 22-24 semanas,,,,,['Segundo trimestre 22-24 semanas'],116
P1,G,GESTANTES EN CONTROL CON ECOGRAFÍA POR TRIMESTRE DE GESTACION (EN EL SEMESTRE),P1700104,Gestantes con Ecografías del extrasistema,COL04,F,6,Tercer trimestre 30-34 semanas,Tercer trimestre 30-34 semanas,,,,,['Tercer trimestre 30-34 semanas'],116
P1,H,MUJERES O PESONAS BAJO CONTROL DE REGULACIÓN DE FERTILIDAD SEGÚN ESTADO NUTRICIONAL,P1600100,Mujeres o Personas bajo control de Regulación de Fertilidad según estado nuricional - Obesa,COL01,D,4,TOTAL,TOTAL,,,,,['TOTAL'],120
P1,H,MUJERES O PESONAS BAJO CONTROL DE REGULACIÓN DE FERTILIDAD SEGÚN ESTADO NUTRICIONAL,P1600100,Mujeres o Personas bajo control de Regulación de Fertilidad según estado nuricional - Obesa,COL02,E,5,RANGO ETARIO - Menos 15 años,RANGO ETARIO,Menos 15 años,,,,"['RANGO ETARIO', 'Menos 15 años']",120
P1,H,MUJERES O PESONAS BAJO CONTROL DE REGULACIÓN DE FERTILIDAD SEGÚN ESTADO NUTRICIONAL,P1600100,Mujeres o Personas bajo control de Regulación de Fertilidad según estado nuricional - Obesa,COL03,F,6,RANGO ETARIO - 15 a 19 años,RANGO ETARIO,15 a 19 años,,,,"['RANGO ETARIO', '15 a 19 años']",120
P1,H,MUJERES O PESONAS BAJO CONTROL DE REGULACIÓN DE FERTILIDAD SEGÚN ESTADO NUTRICIONAL,P1600100,Mujeres o Personas bajo control de Regulación de Fertilidad según estado nuricional - Obesa,COL04,G,7,RANGO ETARIO - 20 a 24 años,RANGO ETARIO,20 a 24 años,,,,"['RANGO ETARIO', '20 a 24 años']",120
P1,H,MUJERES O PESONAS BAJO CONTROL DE REGULACIÓN DE FERTILIDAD SEGÚN ESTADO NUTRICIONAL,P1600100,Mujeres o Personas bajo control de Regulación de Fertilidad según estado nuricional - Obesa,COL05,H,8,RANGO ETARIO - 25 a 29 años,RANGO ETARIO,25 a 29 años,,,,"['RANGO ETARIO', '25 a 29 años']",120
P1,H,MUJERES O PESONAS BAJO CONTROL DE REGULACIÓN DE FERTILIDAD SEGÚN ESTADO NUTRICIONAL,P1600100,Mujeres o Personas bajo control de Regulación de Fertilidad según estado nuricional - Obesa,COL06,I,9,RANGO ETARIO - 30 a 34 años,RANGO ETARIO,30 a 34 años,,,,"['RANGO ETARIO', '30 a 34 años']",120
P1,H,MUJERES O PESONAS BAJO CONTROL DE REGULACIÓN DE FERTILIDAD SEGÚN ESTADO NUTRICIONAL,P1600100,Mujeres o Personas bajo control de Regulación de Fertilidad según estado nuricional - Obesa,COL07,J,10,RANGO ETARIO - 35 a 39 años,RANGO ETARIO,35 a 39 años,,,,"['RANGO ETARIO', '35 a 39 años']",120
P1,H,MUJERES O PESONAS BAJO CONTROL DE REGULACIÓN DE FERTILIDAD SEGÚN ESTADO NUTRICIONAL,P1600100,Mujeres o Personas bajo control de Regulación de Fertilidad según estado nuricional - Obesa,COL08,K,11,RANGO ETARIO - 40 a 44 años,RANGO ETARIO,40 a 44 años,,,,"['RANGO ETARIO', '40 a 44 años']",120
P1,H,MUJERES O PESONAS BAJO CONTROL DE REGULACIÓN DE FERTILIDAD SEGÚN ESTADO NUTRICIONAL,P1600100,Mujeres o Personas bajo control de Regulación de Fertilidad según estado nuricional - Obesa,COL09,L,12,RANGO ETARIO - 45 a 49 años,RANGO ETARIO,45 a 49 años,,,,"['RANGO ETARIO', '45 a 49 años']",120
P1,H,MUJERES O PESONAS BAJO CONTROL DE REGULACIÓN DE FERTILIDAD SEGÚN ESTADO NUTRICIONAL,P1600100,Mujeres o Personas bajo control de Regulación de Fertilidad según estado nuricional - Obesa,COL10,M,13,RANGO ETARIO - 50 a 54 años,RANGO ETARIO,50 a 54 años,,,,"['RANGO ETARIO', '50 a 54 años']",120
P1,H,MUJERES O PESONAS BAJO CONTROL DE REGULACIÓN DE FERTILIDAD SEGÚN ESTADO NUTRICIONAL,P1600101,Mujeres o Personas bajo control de Regulación de Fertilidad según estado nuricional - Sobrepeso,COL01,D,4,TOTAL,TOTAL,,,,,['TOTAL'],121
P1,H,MUJERES O PESONAS BAJO CONTROL DE REGULACIÓN DE FERTILIDAD SEGÚN ESTADO NUTRICIONAL,P1600101,Mujeres o Personas bajo control de Regulación de Fertilidad según estado nuricional - Sobrepeso,COL02,E,5,RANGO ETARIO - Menos 15 años,RANGO ETARIO,Menos 15 años,,,,"['RANGO ETARIO', 'Menos 15 años']",121
P1,H,MUJERES O PESONAS BAJO CONTROL DE REGULACIÓN DE FERTILIDAD SEGÚN ESTADO NUTRICIONAL,P1600101,Mujeres o Personas bajo control de Regulación de Fertilidad según estado nuricional - Sobrepeso,COL03,F,6,RANGO ETARIO - 15 a 19 años,RANGO ETARIO,15 a 19 años,,,,"['RANGO ETARIO', '15 a 19 años']",121
P1,H,MUJERES O PESONAS BAJO CONTROL DE REGULACIÓN DE FERTILIDAD SEGÚN ESTADO NUTRICIONAL,P1600101,Mujeres o Personas bajo control de Regulación de Fertilidad según estado nuricional - Sobrepeso,COL04,G,7,RANGO ETARIO - 20 a 24 años,RANGO ETARIO,20 a 24 años,,,,"['RANGO ETARIO', '20 a 24 años']",121
P1,H,MUJERES O PESONAS BAJO CONTROL DE REGULACIÓN DE FERTILIDAD SEGÚN ESTADO NUTRICIONAL,P1600101,Mujeres o Personas bajo control de Regulación de Fertilidad según estado nuricional - Sobrepeso,COL05,H,8,RANGO ETARIO - 25 a 29 años,RANGO ETARIO,25 a 29 años,,,,"['RANGO ETARIO', '25 a 29 años']",121
P1,H,MUJERES O PESONAS BAJO CONTROL DE REGULACIÓN DE FERTILIDAD SEGÚN ESTADO NUTRICIONAL,P1600101,Mujeres o Personas bajo control de Regulación de Fertilidad según estado nuricional - Sobrepeso,COL06,I,9,RANGO ETARIO - 30 a 34 años,RANGO ETARIO,30 a 34 años,,,,"['RANGO ETARIO', '30 a 34 años']",121
P1,H,MUJERES O PESONAS BAJO CONTROL DE REGULACIÓN DE FERTILIDAD SEGÚN ESTADO NUTRICIONAL,P1600101,Mujeres o Personas bajo control de Regulación de Fertilidad según estado nuricional - Sobrepeso,COL07,J,10,RANGO ETARIO - 35 a 39 años,RANGO ETARIO,35 a 39 años,,,,"['RANGO ETARIO', '35 a 39 años']",121
P1,H,MUJERES O PESONAS BAJO CONTROL DE REGULACIÓN DE FERTILIDAD SEGÚN ESTADO NUTRICIONAL,P1600101,Mujeres o Personas bajo control de Regulación de Fertilidad según estado nuricional - Sobrepeso,COL08,K,11,RANGO ETARIO - 40 a 44 años,RANGO ETARIO,40 a 44 años,,,,"['RANGO ETARIO', '40 a 44 años']",121
P1,H,MUJERES O PESONAS BAJO CONTROL DE REGULACIÓN DE FERTILIDAD SEGÚN ESTADO NUTRICIONAL,P1600101,Mujeres o Personas bajo control de Regulación de Fertilidad según estado nuricional - Sobrepeso,COL09,L,12,RANGO ETARIO - 45 a 49 años,RANGO ETARIO,45 a 49 años,,,,"['RANGO ETARIO', '45 a 49 años']",121
P1,H,MUJERES O PESONAS BAJO CONTROL DE REGULACIÓN DE FERTILIDAD SEGÚN ESTADO NUTRICIONAL,P1600101,Mujeres o Personas bajo control de Regulación de Fertilidad según estado nuricional - Sobrepeso,COL10,M,13,RANGO ETARIO - 50 a 54 años,RANGO ETARIO,50 a 54 años,,,,"['RANGO ETARIO', '50 a 54 años']",121
P1,H,MUJERES O PESONAS BAJO CONTROL DE REGULACIÓN DE FERTILIDAD SEGÚN ESTADO NUTRICIONAL,P1600102,Mujeres o Personas bajo control de Regulación de Fertilidad según estado nuricional - Normal,COL01,D,4,TOTAL,TOTAL,,,,,['TOTAL'],122
P1,H,MUJERES O PESONAS BAJO CONTROL DE REGULACIÓN DE FERTILIDAD SEGÚN ESTADO NUTRICIONAL,P1600102,Mujeres o Personas bajo control de Regulación de Fertilidad según estado nuricional - Normal,COL02,E,5,RANGO ETARIO - Menos 15 años,RANGO ETARIO,Menos 15 años,,,,"['RANGO ETARIO', 'Menos 15 años']",122
P1,H,MUJERES O PESONAS BAJO CONTROL DE REGULACIÓN DE FERTILIDAD SEGÚN ESTADO NUTRICIONAL,P1600102,Mujeres o Personas bajo control de Regulación de Fertilidad según estado nuricional - Normal,COL03,F,6,RANGO ETARIO - 15 a 19 años,RANGO ETARIO,15 a 19 años,,,,"['RANGO ETARIO', '15 a 19 años']",122
P1,H,MUJERES O PESONAS BAJO CONTROL DE REGULACIÓN DE FERTILIDAD SEGÚN ESTADO NUTRICIONAL,P1600102,Mujeres o Personas bajo control de Regulación de Fertilidad según estado nuricional - Normal,COL04,G,7,RANGO ETARIO - 20 a 24 años,RANGO ETARIO,20 a 24 años,,,,"['RANGO ETARIO', '20 a 24 años']",122
P1,H,MUJERES O PESONAS BAJO CONTROL DE REGULACIÓN DE FERTILIDAD SEGÚN ESTADO NUTRICIONAL,P1600102,Mujeres o Personas bajo control de Regulación de Fertilidad según estado nuricional - Normal,COL05,H,8,RANGO ETARIO - 25 a 29 años,RANGO ETARIO,25 a 29 años,,,,"['RANGO ETARIO', '25 a 29 años']",122
P1,H,MUJERES O PESONAS BAJO CONTROL DE REGULACIÓN DE FERTILIDAD SEGÚN ESTADO NUTRICIONAL,P1600102,Mujeres o Personas bajo control de Regulación de Fertilidad según estado nuricional - Normal,COL06,I,9,RANGO ETARIO - 30 a 34 años,RANGO ETARIO,30 a 34 años,,,,"['RANGO ETARIO', '30 a 34 años']",122
P1,H,MUJERES O PESONAS BAJO CONTROL DE REGULACIÓN DE FERTILIDAD SEGÚN ESTADO NUTRICIONAL,P1600102,Mujeres o Personas bajo control de Regulación de Fertilidad según estado nuricional - Normal,COL07,J,10,RANGO ETARIO - 35 a 39 años,RANGO ETARIO,35 a 39 años,,,,"['RANGO ETARIO', '35 a 39 años']",122
P1,H,MUJERES O PESONAS BAJO CONTROL DE REGULACIÓN DE FERTILIDAD SEGÚN ESTADO NUTRICIONAL,P1600102,Mujeres o Personas bajo control de Regulación de Fertilidad según estado nuricional - Normal,COL08,K,11,RANGO ETARIO - 40 a 44 años,RANGO ETARIO,40 a 44 años,,,,"['RANGO ETARIO', '40 a 44 años']",122
P1,H,MUJERES O PESONAS BAJO CONTROL DE REGULACIÓN DE FERTILIDAD SEGÚN ESTADO NUTRICIONAL,P1600102,Mujeres o Personas bajo control de Regulación de Fertilidad según estado nuricional - Normal,COL09,L,12,RANGO ETARIO - 45 a 49 años,RANGO ETARIO,45 a 49 años,,,,"['RANGO ETARIO', '45 a 49 años']",122
P1,H,MUJERES O PESONAS BAJO CONTROL DE REGULACIÓN DE FERTILIDAD SEGÚN ESTADO NUTRICIONAL,P1600102,Mujeres o Personas bajo control de Regulación de Fertilidad según estado nuricional - Normal,COL10,M,13,RANGO ETARIO - 50 a 54 años,RANGO ETARIO,50 a 54 años,,,,"['RANGO ETARIO', '50 a 54 años']",122
P1,H,MUJERES O PESONAS BAJO CONTROL DE REGULACIÓN DE FERTILIDAD SEGÚN ESTADO NUTRICIONAL,P1600103,Mujeres o Personas bajo control de Regulación de Fertilidad según estado nuricional - Bajo peso,COL01,D,4,TOTAL,TOTAL,,,,,['TOTAL'],123
P1,H,MUJERES O PESONAS BAJO CONTROL DE REGULACIÓN DE FERTILIDAD SEGÚN ESTADO NUTRICIONAL,P1600103,Mujeres o Personas bajo control de Regulación de Fertilidad según estado nuricional - Bajo peso,COL02,E,5,RANGO ETARIO - Menos 15 años,RANGO ETARIO,Menos 15 años,,,,"['RANGO ETARIO', 'Menos 15 años']",123
P1,H,MUJERES O PESONAS BAJO CONTROL DE REGULACIÓN DE FERTILIDAD SEGÚN ESTADO NUTRICIONAL,P1600103,Mujeres o Personas bajo control de Regulación de Fertilidad según estado nuricional - Bajo peso,COL03,F,6,RANGO ETARIO - 15 a 19 años,RANGO ETARIO,15 a 19 años,,,,"['RANGO ETARIO', '15 a 19 años']",123
P1,H,MUJERES O PESONAS BAJO CONTROL DE REGULACIÓN DE FERTILIDAD SEGÚN ESTADO NUTRICIONAL,P1600103,Mujeres o Personas bajo control de Regulación de Fertilidad según estado nuricional - Bajo peso,COL04,G,7,RANGO ETARIO - 20 a 24 años,RANGO ETARIO,20 a 24 años,,,,"['RANGO ETARIO', '20 a 24 años']",123
P1,H,MUJERES O PESONAS BAJO CONTROL DE REGULACIÓN DE FERTILIDAD SEGÚN ESTADO NUTRICIONAL,P1600103,Mujeres o Personas bajo control de Regulación de Fertilidad según estado nuricional - Bajo peso,COL05,H,8,RANGO ETARIO - 25 a 29 años,RANGO ETARIO,25 a 29 años,,,,"['RANGO ETARIO', '25 a 29 años']",123
P1,H,MUJERES O PESONAS BAJO CONTROL DE REGULACIÓN DE FERTILIDAD SEGÚN ESTADO NUTRICIONAL,P1600103,Mujeres o Personas bajo control de Regulación de Fertilidad según estado nuricional - Bajo peso,COL06,I,9,RANGO ETARIO - 30 a 34 años,RANGO ETARIO,30 a 34 años,,,,"['RANGO ETARIO', '30 a 34 años']",123
P1,H,MUJERES O PESONAS BAJO CONTROL DE REGULACIÓN DE FERTILIDAD SEGÚN ESTADO NUTRICIONAL,P1600103,Mujeres o Personas bajo control de Regulación de Fertilidad según estado nuricional - Bajo peso,COL07,J,10,RANGO ETARIO - 35 a 39 años,RANGO ETARIO,35 a 39 años,,,,"['RANGO ETARIO', '35 a 39 años']",123
P1,H,MUJERES O PESONAS BAJO CONTROL DE REGULACIÓN DE FERTILIDAD SEGÚN ESTADO NUTRICIONAL,P1600103,Mujeres o Personas bajo control de Regulación de Fertilidad según estado nuricional - Bajo peso,COL08,K,11,RANGO ETARIO - 40 a 44 años,RANGO ETARIO,40 a 44 años,,,,"['RANGO ETARIO', '40 a 44 años']",123
P1,H,MUJERES O PESONAS BAJO CONTROL DE REGULACIÓN DE FERTILIDAD SEGÚN ESTADO NUTRICIONAL,P1600103,Mujeres o Personas bajo control de Regulación de Fertilidad según estado nuricional - Bajo peso,COL09,L,12,RANGO ETARIO - 45 a 49 años,RANGO ETARIO,45 a 49 años,,,,"['RANGO ETARIO', '45 a 49 años']",123
P1,H,MUJERES O PESONAS BAJO CONTROL DE REGULACIÓN DE FERTILIDAD SEGÚN ESTADO NUTRICIONAL,P1600103,Mujeres o Personas bajo control de Regulación de Fertilidad según estado nuricional - Bajo peso,COL10,M,13,RANGO ETARIO - 50 a 54 años,RANGO ETARIO,50 a 54 años,,,,"['RANGO ETARIO', '50 a 54 años']",123
P1,I,"GESTANTES EN CONTROL CON TEST DE VIH/SIFILIS TOMADO (EN EL SEMESTRE, RED PÚBLICA O EXTRASISTEMA)",P1600111,Menor de 15,COL01,C,3,Total Gestantes bajo control,Total Gestantes bajo control,,,,,['Total Gestantes bajo control'],128
P1,I,"GESTANTES EN CONTROL CON TEST DE VIH/SIFILIS TOMADO (EN EL SEMESTRE, RED PÚBLICA O EXTRASISTEMA)",P1600111,Menor de 15,COL02,D,4,Gestantes en control con resultado 1° VIH,Gestantes en control con resultado 1° VIH,,,,,['Gestantes en control con resultado 1° VIH'],128
P1,I,"GESTANTES EN CONTROL CON TEST DE VIH/SIFILIS TOMADO (EN EL SEMESTRE, RED PÚBLICA O EXTRASISTEMA)",P1600111,Menor de 15,COL03,E,5,Gestantes en control con resultado 1° Tamizaje Sífilis,Gestantes en control con resultado 1° Tamizaje Sífilis,,,,,['Gestantes en control con resultado 1° Tamizaje Sífilis'],128
P1,I,"GESTANTES EN CONTROL CON TEST DE VIH/SIFILIS TOMADO (EN EL SEMESTRE, RED PÚBLICA O EXTRASISTEMA)",P1600111,Menor de 15,COL04,F,6,Total Gestantes en Control >34 SEM,Total Gestantes en Control >34 SEM,,,,,['Total Gestantes en Control >34 SEM'],128
P1,I,"GESTANTES EN CONTROL CON TEST DE VIH/SIFILIS TOMADO (EN EL SEMESTRE, RED PÚBLICA O EXTRASISTEMA)",P1600111,Menor de 15,COL05,G,7,Gestantes en control con resultado 2° VIH,Gestantes en control con resultado 2° VIH,,,,,['Gestantes en control con resultado 2° VIH'],128
P1,I,"GESTANTES EN CONTROL CON TEST DE VIH/SIFILIS TOMADO (EN EL SEMESTRE, RED PÚBLICA O EXTRASISTEMA)",P1600111,Menor de 15,COL06,H,8,Gestantes en control con resultado Tamizaje Sífilis 3° trimestre gestación,Gestantes en control con resultado Tamizaje Sífilis 3° trimestre gestación,,,,,['Gestantes en control con resultado Tamizaje Sífilis 3° trimestre gestación'],128
P1,I,"GESTANTES EN CONTROL CON TEST DE VIH/SIFILIS TOMADO (EN EL SEMESTRE, RED PÚBLICA O EXTRASISTEMA)",P1600111,Menor de 15,COL07,I,9,Pueblos Originarios - Gestantes en control con resultado 1° VIH,Pueblos Originarios,Gestantes en control con resultado 1° VIH,,,,"['Pueblos Originarios', 'Gestantes en control con resultado 1° VIH']",128
P1,I,"GESTANTES EN CONTROL CON TEST DE VIH/SIFILIS TOMADO (EN EL SEMESTRE, RED PÚBLICA O EXTRASISTEMA)",P1600111,Menor de 15,COL08,J,10,Pueblos Originarios - Gestantes en control con resultado 1° Tamizaje Sífilis,Pueblos Originarios,Gestantes en control con resultado 1° Tamizaje Sífilis,,,,"['Pueblos Originarios', 'Gestantes en control con resultado 1° Tamizaje Sífilis']",128
P1,I,"GESTANTES EN CONTROL CON TEST DE VIH/SIFILIS TOMADO (EN EL SEMESTRE, RED PÚBLICA O EXTRASISTEMA)",P1600111,Menor de 15,COL09,K,11,Migrantes - Gestantes en control con resultado 1° VIH,Migrantes,Gestantes en control con resultado 1° VIH,,,,"['Migrantes', 'Gestantes en control con resultado 1° VIH']",128
P1,I,"GESTANTES EN CONTROL CON TEST DE VIH/SIFILIS TOMADO (EN EL SEMESTRE, RED PÚBLICA O EXTRASISTEMA)",P1600111,Menor de 15,COL10,L,12,Migrantes - Gestantes en control con resultado 1° Tamizaje Sífilis,Migrantes,Gestantes en control con resultado 1° Tamizaje Sífilis,,,,"['Migrantes', 'Gestantes en control con resultado 1° Tamizaje Sífilis']",128
P1,I,"GESTANTES EN CONTROL CON TEST DE VIH/SIFILIS TOMADO (EN EL SEMESTRE, RED PÚBLICA O EXTRASISTEMA)",P1600112,15 - 19,COL01,C,3,Total Gestantes bajo control,Total Gestantes bajo control,,,,,['Total Gestantes bajo control'],129
P1,I,"GESTANTES EN CONTROL CON TEST DE VIH/SIFILIS TOMADO (EN EL SEMESTRE, RED PÚBLICA O EXTRASISTEMA)",P1600112,15 - 19,COL02,D,4,Gestantes en control con resultado 1° VIH,Gestantes en control con resultado 1° VIH,,,,,['Gestantes en control con resultado 1° VIH'],129
P1,I,"GESTANTES EN CONTROL CON TEST DE VIH/SIFILIS TOMADO (EN EL SEMESTRE, RED PÚBLICA O EXTRASISTEMA)",P1600112,15 - 19,COL03,E,5,Gestantes en control con resultado 1° Tamizaje Sífilis,Gestantes en control con resultado 1° Tamizaje Sífilis,,,,,['Gestantes en control con resultado 1° Tamizaje Sífilis'],129
P1,I,"GESTANTES EN CONTROL CON TEST DE VIH/SIFILIS TOMADO (EN EL SEMESTRE, RED PÚBLICA O EXTRASISTEMA)",P1600112,15 - 19,COL04,F,6,Total Gestantes en Control >34 SEM,Total Gestantes en Control >34 SEM,,,,,['Total Gestantes en Control >34 SEM'],129
P1,I,"GESTANTES EN CONTROL CON TEST DE VIH/SIFILIS TOMADO (EN EL SEMESTRE, RED PÚBLICA O EXTRASISTEMA)",P1600112,15 - 19,COL05,G,7,Gestantes en control con resultado 2° VIH,Gestantes en control con resultado 2° VIH,,,,,['Gestantes en control con resultado 2° VIH'],129
P1,I,"GESTANTES EN CONTROL CON TEST DE VIH/SIFILIS TOMADO (EN EL SEMESTRE, RED PÚBLICA O EXTRASISTEMA)",P1600112,15 - 19,COL06,H,8,Gestantes en control con resultado Tamizaje Sífilis 3° trimestre gestación,Gestantes en control con resultado Tamizaje Sífilis 3° trimestre gestación,,,,,['Gestantes en control con resultado Tamizaje Sífilis 3° trimestre gestación'],129
P1,I,"GESTANTES EN CONTROL CON TEST DE VIH/SIFILIS TOMADO (EN EL SEMESTRE, RED PÚBLICA O EXTRASISTEMA)",P1600112,15 - 19,COL07,I,9,Pueblos Originarios - Gestantes en control con resultado 1° VIH,Pueblos Originarios,Gestantes en control con resultado 1° VIH,,,,"['Pueblos Originarios', 'Gestantes en control con resultado 1° VIH']",129
P1,I,"GESTANTES EN CONTROL CON TEST DE VIH/SIFILIS TOMADO (EN EL SEMESTRE, RED PÚBLICA O EXTRASISTEMA)",P1600112,15 - 19,COL08,J,10,Pueblos Originarios - Gestantes en control con resultado 1° Tamizaje Sífilis,Pueblos Originarios,Gestantes en control con resultado 1° Tamizaje Sífilis,,,,"['Pueblos Originarios', 'Gestantes en control con resultado 1° Tamizaje Sífilis']",129
P1,I,"GESTANTES EN CONTROL CON TEST DE VIH/SIFILIS TOMADO (EN EL SEMESTRE, RED PÚBLICA O EXTRASISTEMA)",P1600112,15 - 19,COL09,K,11,Migrantes - Gestantes en control con resultado 1° VIH,Migrantes,Gestantes en control con resultado 1° VIH,,,,"['Migrantes', 'Gestantes en control con resultado 1° VIH']",129
P1,I,"GESTANTES EN CONTROL CON TEST DE VIH/SIFILIS TOMADO (EN EL SEMESTRE, RED PÚBLICA O EXTRASISTEMA)",P1600112,15 - 19,COL10,L,12,Migrantes - Gestantes en control con resultado 1° Tamizaje Sífilis,Migrantes,Gestantes en control con resultado 1° Tamizaje Sífilis,,,,"['Migrantes', 'Gestantes en control con resultado 1° Tamizaje Sífilis']",129
P1,I,"GESTANTES EN CONTROL CON TEST DE VIH/SIFILIS TOMADO (EN EL SEMESTRE, RED PÚBLICA O EXTRASISTEMA)",P1600113,20 - 24,COL01,C,3,Total Gestantes bajo control,Total Gestantes bajo control,,,,,['Total Gestantes bajo control'],130
P1,I,"GESTANTES EN CONTROL CON TEST DE VIH/SIFILIS TOMADO (EN EL SEMESTRE, RED PÚBLICA O EXTRASISTEMA)",P1600113,20 - 24,COL02,D,4,Gestantes en control con resultado 1° VIH,Gestantes en control con resultado 1° VIH,,,,,['Gestantes en control con resultado 1° VIH'],130
P1,I,"GESTANTES EN CONTROL CON TEST DE VIH/SIFILIS TOMADO (EN EL SEMESTRE, RED PÚBLICA O EXTRASISTEMA)",P1600113,20 - 24,COL03,E,5,Gestantes en control con resultado 1° Tamizaje Sífilis,Gestantes en control con resultado 1° Tamizaje Sífilis,,,,,['Gestantes en control con resultado 1° Tamizaje Sífilis'],130
P1,I,"GESTANTES EN CONTROL CON TEST DE VIH/SIFILIS TOMADO (EN EL SEMESTRE, RED PÚBLICA O EXTRASISTEMA)",P1600113,20 - 24,COL04,F,6,Total Gestantes en Control >34 SEM,Total Gestantes en Control >34 SEM,,,,,['Total Gestantes en Control >34 SEM'],130
P1,I,"GESTANTES EN CONTROL CON TEST DE VIH/SIFILIS TOMADO (EN EL SEMESTRE, RED PÚBLICA O EXTRASISTEMA)",P1600113,20 - 24,COL05,G,7,Gestantes en control con resultado 2° VIH,Gestantes en control con resultado 2° VIH,,,,,['Gestantes en control con resultado 2° VIH'],130
P1,I,"GESTANTES EN CONTROL CON TEST DE VIH/SIFILIS TOMADO (EN EL SEMESTRE, RED PÚBLICA O EXTRASISTEMA)",P1600113,20 - 24,COL06,H,8,Gestantes en control con resultado Tamizaje Sífilis 3° trimestre gestación,Gestantes en control con resultado Tamizaje Sífilis 3° trimestre gestación,,,,,['Gestantes en control con resultado Tamizaje Sífilis 3° trimestre gestación'],130
P1,I,"GESTANTES EN CONTROL CON TEST DE VIH/SIFILIS TOMADO (EN EL SEMESTRE, RED PÚBLICA O EXTRASISTEMA)",P1600113,20 - 24,COL07,I,9,Pueblos Originarios - Gestantes en control con resultado 1° VIH,Pueblos Originarios,Gestantes en control con resultado 1° VIH,,,,"['Pueblos Originarios', 'Gestantes en control con resultado 1° VIH']",130
P1,I,"GESTANTES EN CONTROL CON TEST DE VIH/SIFILIS TOMADO (EN EL SEMESTRE, RED PÚBLICA O EXTRASISTEMA)",P1600113,20 - 24,COL08,J,10,Pueblos Originarios - Gestantes en control con resultado 1° Tamizaje Sífilis,Pueblos Originarios,Gestantes en control con resultado 1° Tamizaje Sífilis,,,,"['Pueblos Originarios', 'Gestantes en control con resultado 1° Tamizaje Sífilis']",130
P1,I,"GESTANTES EN CONTROL CON TEST DE VIH/SIFILIS TOMADO (EN EL SEMESTRE, RED PÚBLICA O EXTRASISTEMA)",P1600113,20 - 24,COL09,K,11,Migrantes - Gestantes en control con resultado 1° VIH,Migrantes,Gestantes en control con resultado 1° VIH,,,,"['Migrantes', 'Gestantes en control con resultado 1° VIH']",130
P1,I,"GESTANTES EN CONTROL CON TEST DE VIH/SIFILIS TOMADO (EN EL SEMESTRE, RED PÚBLICA O EXTRASISTEMA)",P1600113,20 - 24,COL10,L,12,Migrantes - Gestantes en control con resultado 1° Tamizaje Sífilis,Migrantes,Gestantes en control con resultado 1° Tamizaje Sífilis,,,,"['Migrantes', 'Gestantes en control con resultado 1° Tamizaje Sífilis']",130
P1,I,"GESTANTES EN CONTROL CON TEST DE VIH/SIFILIS TOMADO (EN EL SEMESTRE, RED PÚBLICA O EXTRASISTEMA)",P1600114,25 - 29,COL01,C,3,Total Gestantes bajo control,Total Gestantes bajo control,,,,,['Total Gestantes bajo control'],131
P1,I,"GESTANTES EN CONTROL CON TEST DE VIH/SIFILIS TOMADO (EN EL SEMESTRE, RED PÚBLICA O EXTRASISTEMA)",P1600114,25 - 29,COL02,D,4,Gestantes en control con resultado 1° VIH,Gestantes en control con resultado 1° VIH,,,,,['Gestantes en control con resultado 1° VIH'],131
P1,I,"GESTANTES EN CONTROL CON TEST DE VIH/SIFILIS TOMADO (EN EL SEMESTRE, RED PÚBLICA O EXTRASISTEMA)",P1600114,25 - 29,COL03,E,5,Gestantes en control con resultado 1° Tamizaje Sífilis,Gestantes en control con resultado 1° Tamizaje Sífilis,,,,,['Gestantes en control con resultado 1° Tamizaje Sífilis'],131
P1,I,"GESTANTES EN CONTROL CON TEST DE VIH/SIFILIS TOMADO (EN EL SEMESTRE, RED PÚBLICA O EXTRASISTEMA)",P1600114,25 - 29,COL04,F,6,Total Gestantes en Control >34 SEM,Total Gestantes en Control >34 SEM,,,,,['Total Gestantes en Control >34 SEM'],131
P1,I,"GESTANTES EN CONTROL CON TEST DE VIH/SIFILIS TOMADO (EN EL SEMESTRE, RED PÚBLICA O EXTRASISTEMA)",P1600114,25 - 29,COL05,G,7,Gestantes en control con resultado 2° VIH,Gestantes en control con resultado 2° VIH,,,,,['Gestantes en control con resultado 2° VIH'],131
P1,I,"GESTANTES EN CONTROL CON TEST DE VIH/SIFILIS TOMADO (EN EL SEMESTRE, RED PÚBLICA O EXTRASISTEMA)",P1600114,25 - 29,COL06,H,8,Gestantes en control con resultado Tamizaje Sífilis 3° trimestre gestación,Gestantes en control con resultado Tamizaje Sífilis 3° trimestre gestación,,,,,['Gestantes en control con resultado Tamizaje Sífilis 3° trimestre gestación'],131
P1,I,"GESTANTES EN CONTROL CON TEST DE VIH/SIFILIS TOMADO (EN EL SEMESTRE, RED PÚBLICA O EXTRASISTEMA)",P1600114,25 - 29,COL07,I,9,Pueblos Originarios - Gestantes en control con resultado 1° VIH,Pueblos Originarios,Gestantes en control con resultado 1° VIH,,,,"['Pueblos Originarios', 'Gestantes en control con resultado 1° VIH']",131
P1,I,"GESTANTES EN CONTROL CON TEST DE VIH/SIFILIS TOMADO (EN EL SEMESTRE, RED PÚBLICA O EXTRASISTEMA)",P1600114,25 - 29,COL08,J,10,Pueblos Originarios - Gestantes en control con resultado 1° Tamizaje Sífilis,Pueblos Originarios,Gestantes en control con resultado 1° Tamizaje Sífilis,,,,"['Pueblos Originarios', 'Gestantes en control con resultado 1° Tamizaje Sífilis']",131
P1,I,"GESTANTES EN CONTROL CON TEST DE VIH/SIFILIS TOMADO (EN EL SEMESTRE, RED PÚBLICA O EXTRASISTEMA)",P1600114,25 - 29,COL09,K,11,Migrantes - Gestantes en control con resultado 1° VIH,Migrantes,Gestantes en control con resultado 1° VIH,,,,"['Migrantes', 'Gestantes en control con resultado 1° VIH']",131
P1,I,"GESTANTES EN CONTROL CON TEST DE VIH/SIFILIS TOMADO (EN EL SEMESTRE, RED PÚBLICA O EXTRASISTEMA)",P1600114,25 - 29,COL10,L,12,Migrantes - Gestantes en control con resultado 1° Tamizaje Sífilis,Migrantes,Gestantes en control con resultado 1° Tamizaje Sífilis,,,,"['Migrantes', 'Gestantes en control con resultado 1° Tamizaje Sífilis']",131
P1,I,"GESTANTES EN CONTROL CON TEST DE VIH/SIFILIS TOMADO (EN EL SEMESTRE, RED PÚBLICA O EXTRASISTEMA)",P1600115,30 - 34,COL01,C,3,Total Gestantes bajo control,Total Gestantes bajo control,,,,,['Total Gestantes bajo control'],132
P1,I,"GESTANTES EN CONTROL CON TEST DE VIH/SIFILIS TOMADO (EN EL SEMESTRE, RED PÚBLICA O EXTRASISTEMA)",P1600115,30 - 34,COL02,D,4,Gestantes en control con resultado 1° VIH,Gestantes en control con resultado 1° VIH,,,,,['Gestantes en control con resultado 1° VIH'],132
P1,I,"GESTANTES EN CONTROL CON TEST DE VIH/SIFILIS TOMADO (EN EL SEMESTRE, RED PÚBLICA O EXTRASISTEMA)",P1600115,30 - 34,COL03,E,5,Gestantes en control con resultado 1° Tamizaje Sífilis,Gestantes en control con resultado 1° Tamizaje Sífilis,,,,,['Gestantes en control con resultado 1° Tamizaje Sífilis'],132
P1,I,"GESTANTES EN CONTROL CON TEST DE VIH/SIFILIS TOMADO (EN EL SEMESTRE, RED PÚBLICA O EXTRASISTEMA)",P1600115,30 - 34,COL04,F,6,Total Gestantes en Control >34 SEM,Total Gestantes en Control >34 SEM,,,,,['Total Gestantes en Control >34 SEM'],132
P1,I,"GESTANTES EN CONTROL CON TEST DE VIH/SIFILIS TOMADO (EN EL SEMESTRE, RED PÚBLICA O EXTRASISTEMA)",P1600115,30 - 34,COL05,G,7,Gestantes en control con resultado 2° VIH,Gestantes en control con resultado 2° VIH,,,,,['Gestantes en control con resultado 2° VIH'],132
P1,I,"GESTANTES EN CONTROL CON TEST DE VIH/SIFILIS TOMADO (EN EL SEMESTRE, RED PÚBLICA O EXTRASISTEMA)",P1600115,30 - 34,COL06,H,8,Gestantes en control con resultado Tamizaje Sífilis 3° trimestre gestación,Gestantes en control con resultado Tamizaje Sífilis 3° trimestre gestación,,,,,['Gestantes en control con resultado Tamizaje Sífilis 3° trimestre gestación'],132
P1,I,"GESTANTES EN CONTROL CON TEST DE VIH/SIFILIS TOMADO (EN EL SEMESTRE, RED PÚBLICA O EXTRASISTEMA)",P1600115,30 - 34,COL07,I,9,Pueblos Originarios - Gestantes en control con resultado 1° VIH,Pueblos Originarios,Gestantes en control con resultado 1° VIH,,,,"['Pueblos Originarios', 'Gestantes en control con resultado 1° VIH']",132
P1,I,"GESTANTES EN CONTROL CON TEST DE VIH/SIFILIS TOMADO (EN EL SEMESTRE, RED PÚBLICA O EXTRASISTEMA)",P1600115,30 - 34,COL08,J,10,Pueblos Originarios - Gestantes en control con resultado 1° Tamizaje Sífilis,Pueblos Originarios,Gestantes en control con resultado 1° Tamizaje Sífilis,,,,"['Pueblos Originarios', 'Gestantes en control con resultado 1° Tamizaje Sífilis']",132
P1,I,"GESTANTES EN CONTROL CON TEST DE VIH/SIFILIS TOMADO (EN EL SEMESTRE, RED PÚBLICA O EXTRASISTEMA)",P1600115,30 - 34,COL09,K,11,Migrantes - Gestantes en control con resultado 1° VIH,Migrantes,Gestantes en control con resultado 1° VIH,,,,"['Migrantes', 'Gestantes en control con resultado 1° VIH']",132
P1,I,"GESTANTES EN CONTROL CON TEST DE VIH/SIFILIS TOMADO (EN EL SEMESTRE, RED PÚBLICA O EXTRASISTEMA)",P1600115,30 - 34,COL10,L,12,Migrantes - Gestantes en control con resultado 1° Tamizaje Sífilis,Migrantes,Gestantes en control con resultado 1° Tamizaje Sífilis,,,,"['Migrantes', 'Gestantes en control con resultado 1° Tamizaje Sífilis']",132
P1,I,"GESTANTES EN CONTROL CON TEST DE VIH/SIFILIS TOMADO (EN EL SEMESTRE, RED PÚBLICA O EXTRASISTEMA)",P1600116,35 - 39,COL01,C,3,Total Gestantes bajo control,Total Gestantes bajo control,,,,,['Total Gestantes bajo control'],133
P1,I,"GESTANTES EN CONTROL CON TEST DE VIH/SIFILIS TOMADO (EN EL SEMESTRE, RED PÚBLICA O EXTRASISTEMA)",P1600116,35 - 39,COL02,D,4,Gestantes en control con resultado 1° VIH,Gestantes en control con resultado 1° VIH,,,,,['Gestantes en control con resultado 1° VIH'],133
P1,I,"GESTANTES EN CONTROL CON TEST DE VIH/SIFILIS TOMADO (EN EL SEMESTRE, RED PÚBLICA O EXTRASISTEMA)",P1600116,35 - 39,COL03,E,5,Gestantes en control con resultado 1° Tamizaje Sífilis,Gestantes en control con resultado 1° Tamizaje Sífilis,,,,,['Gestantes en control con resultado 1° Tamizaje Sífilis'],133
P1,I,"GESTANTES EN CONTROL CON TEST DE VIH/SIFILIS TOMADO (EN EL SEMESTRE, RED PÚBLICA O EXTRASISTEMA)",P1600116,35 - 39,COL04,F,6,Total Gestantes en Control >34 SEM,Total Gestantes en Control >34 SEM,,,,,['Total Gestantes en Control >34 SEM'],133
P1,I,"GESTANTES EN CONTROL CON TEST DE VIH/SIFILIS TOMADO (EN EL SEMESTRE, RED PÚBLICA O EXTRASISTEMA)",P1600116,35 - 39,COL05,G,7,Gestantes en control con resultado 2° VIH,Gestantes en control con resultado 2° VIH,,,,,['Gestantes en control con resultado 2° VIH'],133
P1,I,"GESTANTES EN CONTROL CON TEST DE VIH/SIFILIS TOMADO (EN EL SEMESTRE, RED PÚBLICA O EXTRASISTEMA)",P1600116,35 - 39,COL06,H,8,Gestantes en control con resultado Tamizaje Sífilis 3° trimestre gestación,Gestantes en control con resultado Tamizaje Sífilis 3° trimestre gestación,,,,,['Gestantes en control con resultado Tamizaje Sífilis 3° trimestre gestación'],133
P1,I,"GESTANTES EN CONTROL CON TEST DE VIH/SIFILIS TOMADO (EN EL SEMESTRE, RED PÚBLICA O EXTRASISTEMA)",P1600116,35 - 39,COL07,I,9,Pueblos Originarios - Gestantes en control con resultado 1° VIH,Pueblos Originarios,Gestantes en control con resultado 1° VIH,,,,"['Pueblos Originarios', 'Gestantes en control con resultado 1° VIH']",133
P1,I,"GESTANTES EN CONTROL CON TEST DE VIH/SIFILIS TOMADO (EN EL SEMESTRE, RED PÚBLICA O EXTRASISTEMA)",P1600116,35 - 39,COL08,J,10,Pueblos Originarios - Gestantes en control con resultado 1° Tamizaje Sífilis,Pueblos Originarios,Gestantes en control con resultado 1° Tamizaje Sífilis,,,,"['Pueblos Originarios', 'Gestantes en control con resultado 1° Tamizaje Sífilis']",133
P1,I,"GESTANTES EN CONTROL CON TEST DE VIH/SIFILIS TOMADO (EN EL SEMESTRE, RED PÚBLICA O EXTRASISTEMA)",P1600116,35 - 39,COL09,K,11,Migrantes - Gestantes en control con resultado 1° VIH,Migrantes,Gestantes en control con resultado 1° VIH,,,,"['Migrantes', 'Gestantes en control con resultado 1° VIH']",133
P1,I,"GESTANTES EN CONTROL CON TEST DE VIH/SIFILIS TOMADO (EN EL SEMESTRE, RED PÚBLICA O EXTRASISTEMA)",P1600116,35 - 39,COL10,L,12,Migrantes - Gestantes en control con resultado 1° Tamizaje Sífilis,Migrantes,Gestantes en control con resultado 1° Tamizaje Sífilis,,,,"['Migrantes', 'Gestantes en control con resultado 1° Tamizaje Sífilis']",133
P1,I,"GESTANTES EN CONTROL CON TEST DE VIH/SIFILIS TOMADO (EN EL SEMESTRE, RED PÚBLICA O EXTRASISTEMA)",P1600117,40 - 44,COL01,C,3,Total Gestantes bajo control,Total Gestantes bajo control,,,,,['Total Gestantes bajo control'],134
P1,I,"GESTANTES EN CONTROL CON TEST DE VIH/SIFILIS TOMADO (EN EL SEMESTRE, RED PÚBLICA O EXTRASISTEMA)",P1600117,40 - 44,COL02,D,4,Gestantes en control con resultado 1° VIH,Gestantes en control con resultado 1° VIH,,,,,['Gestantes en control con resultado 1° VIH'],134
P1,I,"GESTANTES EN CONTROL CON TEST DE VIH/SIFILIS TOMADO (EN EL SEMESTRE, RED PÚBLICA O EXTRASISTEMA)",P1600117,40 - 44,COL03,E,5,Gestantes en control con resultado 1° Tamizaje Sífilis,Gestantes en control con resultado 1° Tamizaje Sífilis,,,,,['Gestantes en control con resultado 1° Tamizaje Sífilis'],134
P1,I,"GESTANTES EN CONTROL CON TEST DE VIH/SIFILIS TOMADO (EN EL SEMESTRE, RED PÚBLICA O EXTRASISTEMA)",P1600117,40 - 44,COL04,F,6,Total Gestantes en Control >34 SEM,Total Gestantes en Control >34 SEM,,,,,['Total Gestantes en Control >34 SEM'],134
P1,I,"GESTANTES EN CONTROL CON TEST DE VIH/SIFILIS TOMADO (EN EL SEMESTRE, RED PÚBLICA O EXTRASISTEMA)",P1600117,40 - 44,COL05,G,7,Gestantes en control con resultado 2° VIH,Gestantes en control con resultado 2° VIH,,,,,['Gestantes en control con resultado 2° VIH'],134
P1,I,"GESTANTES EN CONTROL CON TEST DE VIH/SIFILIS TOMADO (EN EL SEMESTRE, RED PÚBLICA O EXTRASISTEMA)",P1600117,40 - 44,COL06,H,8,Gestantes en control con resultado Tamizaje Sífilis 3° trimestre gestación,Gestantes en control con resultado Tamizaje Sífilis 3° trimestre gestación,,,,,['Gestantes en control con resultado Tamizaje Sífilis 3° trimestre gestación'],134
P1,I,"GESTANTES EN CONTROL CON TEST DE VIH/SIFILIS TOMADO (EN EL SEMESTRE, RED PÚBLICA O EXTRASISTEMA)",P1600117,40 - 44,COL07,I,9,Pueblos Originarios - Gestantes en control con resultado 1° VIH,Pueblos Originarios,Gestantes en control con resultado 1° VIH,,,,"['Pueblos Originarios', 'Gestantes en control con resultado 1° VIH']",134
P1,I,"GESTANTES EN CONTROL CON TEST DE VIH/SIFILIS TOMADO (EN EL SEMESTRE, RED PÚBLICA O EXTRASISTEMA)",P1600117,40 - 44,COL08,J,10,Pueblos Originarios - Gestantes en control con resultado 1° Tamizaje Sífilis,Pueblos Originarios,Gestantes en control con resultado 1° Tamizaje Sífilis,,,,"['Pueblos Originarios', 'Gestantes en control con resultado 1° Tamizaje Sífilis']",134
P1,I,"GESTANTES EN CONTROL CON TEST DE VIH/SIFILIS TOMADO (EN EL SEMESTRE, RED PÚBLICA O EXTRASISTEMA)",P1600117,40 - 44,COL09,K,11,Migrantes - Gestantes en control con resultado 1° VIH,Migrantes,Gestantes en control con resultado 1° VIH,,,,"['Migrantes', 'Gestantes en control con resultado 1° VIH']",134
P1,I,"GESTANTES EN CONTROL CON TEST DE VIH/SIFILIS TOMADO (EN EL SEMESTRE, RED PÚBLICA O EXTRASISTEMA)",P1600117,40 - 44,COL10,L,12,Migrantes - Gestantes en control con resultado 1° Tamizaje Sífilis,Migrantes,Gestantes en control con resultado 1° Tamizaje Sífilis,,,,"['Migrantes', 'Gestantes en control con resultado 1° Tamizaje Sífilis']",134
P1,I,"GESTANTES EN CONTROL CON TEST DE VIH/SIFILIS TOMADO (EN EL SEMESTRE, RED PÚBLICA O EXTRASISTEMA)",P1600118,45 - 49,COL01,C,3,Total Gestantes bajo control,Total Gestantes bajo control,,,,,['Total Gestantes bajo control'],135
P1,I,"GESTANTES EN CONTROL CON TEST DE VIH/SIFILIS TOMADO (EN EL SEMESTRE, RED PÚBLICA O EXTRASISTEMA)",P1600118,45 - 49,COL02,D,4,Gestantes en control con resultado 1° VIH,Gestantes en control con resultado 1° VIH,,,,,['Gestantes en control con resultado 1° VIH'],135
P1,I,"GESTANTES EN CONTROL CON TEST DE VIH/SIFILIS TOMADO (EN EL SEMESTRE, RED PÚBLICA O EXTRASISTEMA)",P1600118,45 - 49,COL03,E,5,Gestantes en control con resultado 1° Tamizaje Sífilis,Gestantes en control con resultado 1° Tamizaje Sífilis,,,,,['Gestantes en control con resultado 1° Tamizaje Sífilis'],135
P1,I,"GESTANTES EN CONTROL CON TEST DE VIH/SIFILIS TOMADO (EN EL SEMESTRE, RED PÚBLICA O EXTRASISTEMA)",P1600118,45 - 49,COL04,F,6,Total Gestantes en Control >34 SEM,Total Gestantes en Control >34 SEM,,,,,['Total Gestantes en Control >34 SEM'],135
P1,I,"GESTANTES EN CONTROL CON TEST DE VIH/SIFILIS TOMADO (EN EL SEMESTRE, RED PÚBLICA O EXTRASISTEMA)",P1600118,45 - 49,COL05,G,7,Gestantes en control con resultado 2° VIH,Gestantes en control con resultado 2° VIH,,,,,['Gestantes en control con resultado 2° VIH'],135
P1,I,"GESTANTES EN CONTROL CON TEST DE VIH/SIFILIS TOMADO (EN EL SEMESTRE, RED PÚBLICA O EXTRASISTEMA)",P1600118,45 - 49,COL06,H,8,Gestantes en control con resultado Tamizaje Sífilis 3° trimestre gestación,Gestantes en control con resultado Tamizaje Sífilis 3° trimestre gestación,,,,,['Gestantes en control con resultado Tamizaje Sífilis 3° trimestre gestación'],135
P1,I,"GESTANTES EN CONTROL CON TEST DE VIH/SIFILIS TOMADO (EN EL SEMESTRE, RED PÚBLICA O EXTRASISTEMA)",P1600118,45 - 49,COL07,I,9,Pueblos Originarios - Gestantes en control con resultado 1° VIH,Pueblos Originarios,Gestantes en control con resultado 1° VIH,,,,"['Pueblos Originarios', 'Gestantes en control con resultado 1° VIH']",135
P1,I,"GESTANTES EN CONTROL CON TEST DE VIH/SIFILIS TOMADO (EN EL SEMESTRE, RED PÚBLICA O EXTRASISTEMA)",P1600118,45 - 49,COL08,J,10,Pueblos Originarios - Gestantes en control con resultado 1° Tamizaje Sífilis,Pueblos Originarios,Gestantes en control con resultado 1° Tamizaje Sífilis,,,,"['Pueblos Originarios', 'Gestantes en control con resultado 1° Tamizaje Sífilis']",135
P1,I,"GESTANTES EN CONTROL CON TEST DE VIH/SIFILIS TOMADO (EN EL SEMESTRE, RED PÚBLICA O EXTRASISTEMA)",P1600118,45 - 49,COL09,K,11,Migrantes - Gestantes en control con resultado 1° VIH,Migrantes,Gestantes en control con resultado 1° VIH,,,,"['Migrantes', 'Gestantes en control con resultado 1° VIH']",135
P1,I,"GESTANTES EN CONTROL CON TEST DE VIH/SIFILIS TOMADO (EN EL SEMESTRE, RED PÚBLICA O EXTRASISTEMA)",P1600118,45 - 49,COL10,L,12,Migrantes - Gestantes en control con resultado 1° Tamizaje Sífilis,Migrantes,Gestantes en control con resultado 1° Tamizaje Sífilis,,,,"['Migrantes', 'Gestantes en control con resultado 1° Tamizaje Sífilis']",135
P1,I,"GESTANTES EN CONTROL CON TEST DE VIH/SIFILIS TOMADO (EN EL SEMESTRE, RED PÚBLICA O EXTRASISTEMA)",P1600119,50 - 54,COL01,C,3,Total Gestantes bajo control,Total Gestantes bajo control,,,,,['Total Gestantes bajo control'],136
P1,I,"GESTANTES EN CONTROL CON TEST DE VIH/SIFILIS TOMADO (EN EL SEMESTRE, RED PÚBLICA O EXTRASISTEMA)",P1600119,50 - 54,COL02,D,4,Gestantes en control con resultado 1° VIH,Gestantes en control con resultado 1° VIH,,,,,['Gestantes en control con resultado 1° VIH'],136
P1,I,"GESTANTES EN CONTROL CON TEST DE VIH/SIFILIS TOMADO (EN EL SEMESTRE, RED PÚBLICA O EXTRASISTEMA)",P1600119,50 - 54,COL03,E,5,Gestantes en control con resultado 1° Tamizaje Sífilis,Gestantes en control con resultado 1° Tamizaje Sífilis,,,,,['Gestantes en control con resultado 1° Tamizaje Sífilis'],136
P1,I,"GESTANTES EN CONTROL CON TEST DE VIH/SIFILIS TOMADO (EN EL SEMESTRE, RED PÚBLICA O EXTRASISTEMA)",P1600119,50 - 54,COL04,F,6,Total Gestantes en Control >34 SEM,Total Gestantes en Control >34 SEM,,,,,['Total Gestantes en Control >34 SEM'],136
P1,I,"GESTANTES EN CONTROL CON TEST DE VIH/SIFILIS TOMADO (EN EL SEMESTRE, RED PÚBLICA O EXTRASISTEMA)",P1600119,50 - 54,COL05,G,7,Gestantes en control con resultado 2° VIH,Gestantes en control con resultado 2° VIH,,,,,['Gestantes en control con resultado 2° VIH'],136
P1,I,"GESTANTES EN CONTROL CON TEST DE VIH/SIFILIS TOMADO (EN EL SEMESTRE, RED PÚBLICA O EXTRASISTEMA)",P1600119,50 - 54,COL06,H,8,Gestantes en control con resultado Tamizaje Sífilis 3° trimestre gestación,Gestantes en control con resultado Tamizaje Sífilis 3° trimestre gestación,,,,,['Gestantes en control con resultado Tamizaje Sífilis 3° trimestre gestación'],136
P1,I,"GESTANTES EN CONTROL CON TEST DE VIH/SIFILIS TOMADO (EN EL SEMESTRE, RED PÚBLICA O EXTRASISTEMA)",P1600119,50 - 54,COL07,I,9,Pueblos Originarios - Gestantes en control con resultado 1° VIH,Pueblos Originarios,Gestantes en control con resultado 1° VIH,,,,"['Pueblos Originarios', 'Gestantes en control con resultado 1° VIH']",136
P1,I,"GESTANTES EN CONTROL CON TEST DE VIH/SIFILIS TOMADO (EN EL SEMESTRE, RED PÚBLICA O EXTRASISTEMA)",P1600119,50 - 54,COL08,J,10,Pueblos Originarios - Gestantes en control con resultado 1° Tamizaje Sífilis,Pueblos Originarios,Gestantes en control con resultado 1° Tamizaje Sífilis,,,,"['Pueblos Originarios', 'Gestantes en control con resultado 1° Tamizaje Sífilis']",136
P1,I,"GESTANTES EN CONTROL CON TEST DE VIH/SIFILIS TOMADO (EN EL SEMESTRE, RED PÚBLICA O EXTRASISTEMA)",P1600119,50 - 54,COL09,K,11,Migrantes - Gestantes en control con resultado 1° VIH,Migrantes,Gestantes en control con resultado 1° VIH,,,,"['Migrantes', 'Gestantes en control con resultado 1° VIH']",136
P1,I,"GESTANTES EN CONTROL CON TEST DE VIH/SIFILIS TOMADO (EN EL SEMESTRE, RED PÚBLICA O EXTRASISTEMA)",P1600119,50 - 54,COL10,L,12,Migrantes - Gestantes en control con resultado 1° Tamizaje Sífilis,Migrantes,Gestantes en control con resultado 1° Tamizaje Sífilis,,,,"['Migrantes', 'Gestantes en control con resultado 1° Tamizaje Sífilis']",136
P1,I,"GESTANTES EN CONTROL CON TEST DE VIH/SIFILIS TOMADO (EN EL SEMESTRE, RED PÚBLICA O EXTRASISTEMA)",P1600120,Gestantes con Tamizajes resultado pendiente,COL01,C,3,Total Gestantes bajo control,Total Gestantes bajo control,,,,,['Total Gestantes bajo control'],138
P1,I,"GESTANTES EN CONTROL CON TEST DE VIH/SIFILIS TOMADO (EN EL SEMESTRE, RED PÚBLICA O EXTRASISTEMA)",P1600120,Gestantes con Tamizajes resultado pendiente,COL02,D,4,Gestantes en control con resultado 1° VIH,Gestantes en control con resultado 1° VIH,,,,,['Gestantes en control con resultado 1° VIH'],138
P1,I,"GESTANTES EN CONTROL CON TEST DE VIH/SIFILIS TOMADO (EN EL SEMESTRE, RED PÚBLICA O EXTRASISTEMA)",P1600120,Gestantes con Tamizajes resultado pendiente,COL03,E,5,Gestantes en control con resultado 1° Tamizaje Sífilis,Gestantes en control con resultado 1° Tamizaje Sífilis,,,,,['Gestantes en control con resultado 1° Tamizaje Sífilis'],138
P1,I,"GESTANTES EN CONTROL CON TEST DE VIH/SIFILIS TOMADO (EN EL SEMESTRE, RED PÚBLICA O EXTRASISTEMA)",P1600120,Gestantes con Tamizajes resultado pendiente,COL04,F,6,Total Gestantes en Control >34 SEM,Total Gestantes en Control >34 SEM,,,,,['Total Gestantes en Control >34 SEM'],138
P1,I,"GESTANTES EN CONTROL CON TEST DE VIH/SIFILIS TOMADO (EN EL SEMESTRE, RED PÚBLICA O EXTRASISTEMA)",P1600120,Gestantes con Tamizajes resultado pendiente,COL05,G,7,Gestantes en control con resultado 2° VIH,Gestantes en control con resultado 2° VIH,,,,,['Gestantes en control con resultado 2° VIH'],138
P1,I,"GESTANTES EN CONTROL CON TEST DE VIH/SIFILIS TOMADO (EN EL SEMESTRE, RED PÚBLICA O EXTRASISTEMA)",P1600120,Gestantes con Tamizajes resultado pendiente,COL06,H,8,Gestantes en control con resultado Tamizaje Sífilis 3° trimestre gestación,Gestantes en control con resultado Tamizaje Sífilis 3° trimestre gestación,,,,,['Gestantes en control con resultado Tamizaje Sífilis 3° trimestre gestación'],138
P1,I,"GESTANTES EN CONTROL CON TEST DE VIH/SIFILIS TOMADO (EN EL SEMESTRE, RED PÚBLICA O EXTRASISTEMA)",P1600120,Gestantes con Tamizajes resultado pendiente,COL07,I,9,Pueblos Originarios - Gestantes en control con resultado 1° VIH,Pueblos Originarios,Gestantes en control con resultado 1° VIH,,,,"['Pueblos Originarios', 'Gestantes en control con resultado 1° VIH']",138
P1,I,"GESTANTES EN CONTROL CON TEST DE VIH/SIFILIS TOMADO (EN EL SEMESTRE, RED PÚBLICA O EXTRASISTEMA)",P1600120,Gestantes con Tamizajes resultado pendiente,COL08,J,10,Pueblos Originarios - Gestantes en control con resultado 1° Tamizaje Sífilis,Pueblos Originarios,Gestantes en control con resultado 1° Tamizaje Sífilis,,,,"['Pueblos Originarios', 'Gestantes en control con resultado 1° Tamizaje Sífilis']",138
P1,I,"GESTANTES EN CONTROL CON TEST DE VIH/SIFILIS TOMADO (EN EL SEMESTRE, RED PÚBLICA O EXTRASISTEMA)",P1600120,Gestantes con Tamizajes resultado pendiente,COL09,K,11,Migrantes - Gestantes en control con resultado 1° VIH,Migrantes,Gestantes en control con resultado 1° VIH,,,,"['Migrantes', 'Gestantes en control con resultado 1° VIH']",138
P1,I,"GESTANTES EN CONTROL CON TEST DE VIH/SIFILIS TOMADO (EN EL SEMESTRE, RED PÚBLICA O EXTRASISTEMA)",P1600120,Gestantes con Tamizajes resultado pendiente,COL10,L,12,Migrantes - Gestantes en control con resultado 1° Tamizaje Sífilis,Migrantes,Gestantes en control con resultado 1° Tamizaje Sífilis,,,,"['Migrantes', 'Gestantes en control con resultado 1° Tamizaje Sífilis']",138
P1,J,POBLACIÓN EN CONTROL POR PATOLOGÍAS DE ALTO RIESGO OBSTÉTRICO,P1030303,Preeclampsia (PE),COL01,C,3,TOTAL,TOTAL,,,,,['TOTAL'],142
P1,J,POBLACIÓN EN CONTROL POR PATOLOGÍAS DE ALTO RIESGO OBSTÉTRICO,P1060070,Sindrome Hipertensivo del Embarazo (SHE),COL01,C,3,TOTAL,TOTAL,,,,,['TOTAL'],143
P1,J,POBLACIÓN EN CONTROL POR PATOLOGÍAS DE ALTO RIESGO OBSTÉTRICO,P1030304,Factores de riesgo y condicionantes de Parto Prematuro,COL01,C,3,TOTAL,TOTAL,,,,,['TOTAL'],144
P1,J,POBLACIÓN EN CONTROL POR PATOLOGÍAS DE ALTO RIESGO OBSTÉTRICO,P1030401,Retardo Crecimiento Intrauterino (RCIU),COL01,C,3,TOTAL,TOTAL,,,,,['TOTAL'],145
P1,J,POBLACIÓN EN CONTROL POR PATOLOGÍAS DE ALTO RIESGO OBSTÉTRICO,P1040506,Sífilis,COL01,C,3,TOTAL,TOTAL,,,,,['TOTAL'],146
P1,J,POBLACIÓN EN CONTROL POR PATOLOGÍAS DE ALTO RIESGO OBSTÉTRICO,P1040507,VIH,COL01,C,3,TOTAL,TOTAL,,,,,['TOTAL'],147
P1,J,POBLACIÓN EN CONTROL POR PATOLOGÍAS DE ALTO RIESGO OBSTÉTRICO,P1060115,Diabetes Pre Gestacional,COL01,C,3,TOTAL,TOTAL,,,,,['TOTAL'],148
P1,J,POBLACIÓN EN CONTROL POR PATOLOGÍAS DE ALTO RIESGO OBSTÉTRICO,P1060116,Diabetes Gestacional,COL01,C,3,TOTAL,TOTAL,,,,,['TOTAL'],149
P1,J,POBLACIÓN EN CONTROL POR PATOLOGÍAS DE ALTO RIESGO OBSTÉTRICO,P1030403,Cesárea anterior,COL01,C,3,TOTAL,TOTAL,,,,,['TOTAL'],150
P1,J,POBLACIÓN EN CONTROL POR PATOLOGÍAS DE ALTO RIESGO OBSTÉTRICO,P1060080,Malformación Congénita,COL01,C,3,TOTAL,TOTAL,,,,,['TOTAL'],151
P1,J,POBLACIÓN EN CONTROL POR PATOLOGÍAS DE ALTO RIESGO OBSTÉTRICO,P1060117,Anemia,COL01,C,3,TOTAL,TOTAL,,,,,['TOTAL'],152
P1,J,POBLACIÓN EN CONTROL POR PATOLOGÍAS DE ALTO RIESGO OBSTÉTRICO,P1060118,Cardiopatías,COL01,C,3,TOTAL,TOTAL,,,,,['TOTAL'],153
P1,J,POBLACIÓN EN CONTROL POR PATOLOGÍAS DE ALTO RIESGO OBSTÉTRICO,P1060119,Pielonefritis,COL01,C,3,TOTAL,TOTAL,,,,,['TOTAL'],154
P1,J,POBLACIÓN EN CONTROL POR PATOLOGÍAS DE ALTO RIESGO OBSTÉTRICO,P1060120,Rh(-) sensibilizada,COL01,C,3,TOTAL,TOTAL,,,,,['TOTAL'],155
P1,J,POBLACIÓN EN CONTROL POR PATOLOGÍAS DE ALTO RIESGO OBSTÉTRICO,P1060121,Placenta previa,COL01,C,3,TOTAL,TOTAL,,,,,['TOTAL'],156
P1,J,POBLACIÓN EN CONTROL POR PATOLOGÍAS DE ALTO RIESGO OBSTÉTRICO,P1060122,Chagas,COL01,C,3,TOTAL,TOTAL,,,,,['TOTAL'],157
P1,J,POBLACIÓN EN CONTROL POR PATOLOGÍAS DE ALTO RIESGO OBSTÉTRICO,P1060123,Colestasia Intrahépatica de Embarazo,COL01,C,3,TOTAL,TOTAL,,,,,['TOTAL'],158
P1,J,POBLACIÓN EN CONTROL POR PATOLOGÍAS DE ALTO RIESGO OBSTÉTRICO,P1030404,Otras patologías del embarazo,COL01,C,3,TOTAL,TOTAL,,,,,['TOTAL'],159
